Ad Name,Impressions,Media Spend,Clicks,Orders (FB),Key,Gender,Audience,Audience Type,Geo,Placement,Post Type, Age ,Creative,Campaign
Ad Variation 22,3631,102.63 ,138,0,Z_PFBW185,F,Sale Page,Website Custom Audience,All US,Desktop,Link Post,18-65,Brand Logo Image + 50% Off Copy,Annual Sitewide Sale
Ad Variation 23,3563,33.45 ,169,0,Z_PFBW194,F,Sale Page,Website Custom Audience,All US,Mobile,Link Post,18-65,Brand Logo Image + 50% Off Copy,Annual Sitewide Sale
Ad Variation 24,4333,107.56 ,167,2,Z_PFBW293,F,Sale Page,Website Custom Audience,All US,Desktop,Link Post,18-65,Brand Logo Image + 50% Off Copy,Annual Sitewide Sale
Ad Variation 25,3225,32.39 ,150,0,Z_PFBW302,F,Sale Page,Website Custom Audience,All US,Mobile,Link Post,18-65,Brand Logo Image + 50% Off Copy,Annual Sitewide Sale
Ad Variation 66,7045,211.49 ,242,0,Z_PFBW187,F,All Site Traffic,Website Custom Audience,All US,Desktop,Link Post,18-65,Brand Logo Image + 50% Off Copy,Annual Sitewide Sale
Ad Variation 67,7402,80.36 ,356,1,Z_PFBW196,F,All Site Traffic,Website Custom Audience,All US,Mobile,Link Post,18-65,Brand Logo Image + 50% Off Copy,Annual Sitewide Sale
Ad Variation 68,9528,217.39 ,347,6,Z_PFBW295,F,All Site Traffic,Website Custom Audience,All US,Desktop,Link Post,18-65,Brand Logo Image + 50% Off Copy,Annual Sitewide Sale
Ad Variation 69,8903,74.35 ,361,0,Z_PFBW304,F,All Site Traffic,Website Custom Audience,All US,Mobile,Link Post,18-65,Brand Logo Image + 50% Off Copy,Annual Sitewide Sale
Ad Variation 142,13153,251.87 ,251,1,Z_PFBW186,F,All Product Pages Site Traffic,Website Custom Audience,All US,Desktop,Link Post,18-65,Brand Logo Image + 50% Off Copy,Annual Sitewide Sale
Ad Variation 143,11579,96.76 ,443,1,Z_PFBW195,F,All Product Pages Site Traffic,Website Custom Audience,All US,Mobile,Link Post,18-65,Brand Logo Image + 50% Off Copy,Annual Sitewide Sale
Ad Variation 144,12842,245.40 ,322,4,Z_PFBW294,F,All Product Pages Site Traffic,Website Custom Audience,All US,Desktop,Link Post,18-65,Brand Logo Image + 50% Off Copy,Annual Sitewide Sale
Ad Variation 145,10387,90.59 ,386,2,Z_PFBW303,F,All Product Pages Site Traffic,Website Custom Audience,All US,Mobile,Link Post,18-65,Brand Logo Image + 50% Off Copy,Annual Sitewide Sale
Ad Variation 186,210,19.15 ,15,0,Z_PFBW183,F,Enter Card Info Page,Website Custom Audience,All US,Desktop,Link Post,18-65,Brand Logo Image + 50% Off Copy,Annual Sitewide Sale
Ad Variation 187,2478,57.99 ,84,0,Z_PFBW192,F,Enter Card Info Page,Website Custom Audience,All US,Mobile,Link Post,18-65,Brand Logo Image + 50% Off Copy,Annual Sitewide Sale
Ad Variation 188,815,36.67 ,37,0,Z_PFBW291,F,Enter Card Info Page,Website Custom Audience,All US,Desktop,Link Post,18-65,Brand Logo Image + 50% Off Copy,Annual Sitewide Sale
Ad Variation 189,2502,51.48 ,72,4,Z_PFBW300,F,Enter Card Info Page,Website Custom Audience,All US,Mobile,Link Post,18-65,Brand Logo Image + 50% Off Copy,Annual Sitewide Sale
Ad Variation 241,3659,51.59 ,62,1,Z_PFBW188,F,Past Sale Purchasers - 1% Lookalike,Lookalike Audience,All US,Desktop,Link Post,18-65,Brand Logo Image + 50% Off Copy,Annual Sitewide Sale
Ad Variation 242,4173,26.49 ,113,0,Z_PFBW197,F,Past Sale Purchasers - 1% Lookalike,Lookalike Audience,All US,Mobile,Link Post,18-65,Brand Logo Image + 50% Off Copy,Annual Sitewide Sale
Ad Variation 243,3597,51.19 ,54,0,Z_PFBW296,F,Past Sale Purchasers - 1% Lookalike,Lookalike Audience,All US,Desktop,Link Post,18-65,Brand Logo Image + 50% Off Copy,Annual Sitewide Sale
Ad Variation 244,3410,25.78 ,74,0,Z_PFBW305,F,Past Sale Purchasers - 1% Lookalike,Lookalike Audience,All US,Mobile,Link Post,18-65,Brand Logo Image + 50% Off Copy,Annual Sitewide Sale
Ad Variation 273,7140,83.63 ,173,1,Z_PFBW189,F,Add to Cart Page - 1% Lookalike,Lookalike Audience,All US,Desktop,Link Post,18-65,Brand Logo Image + 50% Off Copy,Annual Sitewide Sale
Ad Variation 274,3063,32.04 ,71,0,Z_PFBW198,F,Add to Cart Page - 1% Lookalike,Lookalike Audience,All US,Mobile,Link Post,18-65,Brand Logo Image + 50% Off Copy,Annual Sitewide Sale
Ad Variation 275,4901,81.86 ,117,0,Z_PFBW297,F,Add to Cart Page - 1% Lookalike,Lookalike Audience,All US,Desktop,Link Post,18-65,Brand Logo Image + 50% Off Copy,Annual Sitewide Sale
Ad Variation 276,3974,33.00 ,64,0,Z_PFBW306,F,Add to Cart Page - 1% Lookalike,Lookalike Audience,All US,Mobile,Link Post,18-65,Brand Logo Image + 50% Off Copy,Annual Sitewide Sale
Ad Variation 328,4549,158.27 ,138,2,Z_PFBW184,F,Accessories Page,Website Custom Audience,All US,Desktop,Link Post,18-65,Brand Logo Image + 50% Off Copy,Annual Sitewide Sale
Ad Variation 329,5857,62.71 ,287,0,Z_PFBW193,F,Accessories Page,Website Custom Audience,All US,Mobile,Link Post,18-65,Brand Logo Image + 50% Off Copy,Annual Sitewide Sale
Ad Variation 330,7069,141.45 ,247,3,Z_PFBW292,F,Accessories Page,Website Custom Audience,All US,Desktop,Link Post,18-65,Brand Logo Image + 50% Off Copy,Annual Sitewide Sale
Ad Variation 331,6402,61.56 ,287,2,Z_PFBW301,F,Accessories Page,Website Custom Audience,All US,Mobile,Link Post,18-65,Brand Logo Image + 50% Off Copy,Annual Sitewide Sale
Ad Variation 370,1606,38.84 ,36,1,Z_PFBW190,F,Past Sale Purchasers ,Custom Audience,All US,Desktop,Link Post,18-65,Brand Logo Image + 50% Off Copy,Annual Sitewide Sale
Ad Variation 371,2595,23.76 ,62,0,Z_PFBW199,F,Past Sale Purchasers ,Custom Audience,All US,Mobile,Link Post,18-65,Brand Logo Image + 50% Off Copy,Annual Sitewide Sale
Ad Variation 372,687,17.55 ,23,0,Z_PFBW298,F,Past Sale Purchasers ,Custom Audience,All US,Desktop,Link Post,18-65,Brand Logo Image + 50% Off Copy,Annual Sitewide Sale
Ad Variation 373,2236,23.47 ,51,1,Z_PFBW307,F,Past Sale Purchasers ,Custom Audience,All US,Mobile,Link Post,18-65,Brand Logo Image + 50% Off Copy,Annual Sitewide Sale
Ad Variation 468,554,52.11 ,28,1,Z_PFBW182,F,Add to Cart Page,Website Custom Audience,All US,Desktop,Link Post,18-65,Brand Logo Image + 50% Off Copy,Annual Sitewide Sale
Ad Variation 469,5388,130.43 ,168,3,Z_PFBW191,F,Add to Cart Page,Website Custom Audience,All US,Mobile,Link Post,18-65,Brand Logo Image + 50% Off Copy,Annual Sitewide Sale
Ad Variation 470,2270,124.46 ,108,3,Z_PFBW290,F,Add to Cart Page,Website Custom Audience,All US,Desktop,Link Post,18-65,Brand Logo Image + 50% Off Copy,Annual Sitewide Sale
Ad Variation 471,5259,118.15 ,162,9,Z_PFBW299,F,Add to Cart Page,Website Custom Audience,All US,Mobile,Link Post,18-65,Brand Logo Image + 50% Off Copy,Annual Sitewide Sale
Ad Variation 26,3315,107.54 ,137,0,Z_PFBW239,F,Sale Page,Website Custom Audience,All US,Desktop,Link Post,18-65,Brand Logo Image + Shop Now Copy,Annual Sitewide Sale
Ad Variation 27,3917,32.89 ,202,0,Z_PFBW248,F,Sale Page,Website Custom Audience,All US,Mobile,Link Post,18-65,Brand Logo Image + Shop Now Copy,Annual Sitewide Sale
Ad Variation 28,5152,104.61 ,188,1,Z_PFBW347,F,Sale Page,Website Custom Audience,All US,Desktop,Link Post,18-65,Brand Logo Image + Shop Now Copy,Annual Sitewide Sale
Ad Variation 29,3635,31.66 ,160,0,Z_PFBW356,F,Sale Page,Website Custom Audience,All US,Mobile,Link Post,18-65,Brand Logo Image + Shop Now Copy,Annual Sitewide Sale
Ad Variation 70,6700,208.98 ,191,2,Z_PFBW241,F,All Site Traffic,Website Custom Audience,All US,Desktop,Link Post,18-65,Brand Logo Image + Shop Now Copy,Annual Sitewide Sale
Ad Variation 71,6801,75.58 ,261,0,Z_PFBW250,F,All Site Traffic,Website Custom Audience,All US,Mobile,Link Post,18-65,Brand Logo Image + Shop Now Copy,Annual Sitewide Sale
Ad Variation 72,10523,214.02 ,357,4,Z_PFBW349,F,All Site Traffic,Website Custom Audience,All US,Desktop,Link Post,18-65,Brand Logo Image + Shop Now Copy,Annual Sitewide Sale
Ad Variation 73,9036,77.87 ,380,0,Z_PFBW358,F,All Site Traffic,Website Custom Audience,All US,Mobile,Link Post,18-65,Brand Logo Image + Shop Now Copy,Annual Sitewide Sale
Ad Variation 146,11456,249.35 ,238,2,Z_PFBW240,F,All Product Pages Site Traffic,Website Custom Audience,All US,Desktop,Link Post,18-65,Brand Logo Image + Shop Now Copy,Annual Sitewide Sale
Ad Variation 147,11781,94.21 ,407,0,Z_PFBW249,F,All Product Pages Site Traffic,Website Custom Audience,All US,Mobile,Link Post,18-65,Brand Logo Image + Shop Now Copy,Annual Sitewide Sale
Ad Variation 148,13231,232.83 ,328,1,Z_PFBW348,F,All Product Pages Site Traffic,Website Custom Audience,All US,Desktop,Link Post,18-65,Brand Logo Image + Shop Now Copy,Annual Sitewide Sale
Ad Variation 149,10865,88.98 ,277,0,Z_PFBW357,F,All Product Pages Site Traffic,Website Custom Audience,All US,Mobile,Link Post,18-65,Brand Logo Image + Shop Now Copy,Annual Sitewide Sale
Ad Variation 190,383,27.60 ,20,0,Z_PFBW237,F,Enter Card Info Page,Website Custom Audience,All US,Desktop,Link Post,18-65,Brand Logo Image + Shop Now Copy,Annual Sitewide Sale
Ad Variation 191,2245,54.58 ,65,2,Z_PFBW246,F,Enter Card Info Page,Website Custom Audience,All US,Mobile,Link Post,18-65,Brand Logo Image + Shop Now Copy,Annual Sitewide Sale
Ad Variation 192,106,9.38 ,8,0,Z_PFBW345,F,Enter Card Info Page,Website Custom Audience,All US,Desktop,Link Post,18-65,Brand Logo Image + Shop Now Copy,Annual Sitewide Sale
Ad Variation 193,1959,43.48 ,73,0,Z_PFBW354,F,Enter Card Info Page,Website Custom Audience,All US,Mobile,Link Post,18-65,Brand Logo Image + Shop Now Copy,Annual Sitewide Sale
Ad Variation 245,3512,49.02 ,78,0,Z_PFBW242,F,Past Sale Purchasers - 1% Lookalike,Lookalike Audience,All US,Desktop,Link Post,18-65,Brand Logo Image + Shop Now Copy,Annual Sitewide Sale
Ad Variation 246,3923,27.06 ,100,0,Z_PFBW251,F,Past Sale Purchasers - 1% Lookalike,Lookalike Audience,All US,Mobile,Link Post,18-65,Brand Logo Image + Shop Now Copy,Annual Sitewide Sale
Ad Variation 247,3404,51.54 ,68,1,Z_PFBW350,F,Past Sale Purchasers - 1% Lookalike,Lookalike Audience,All US,Desktop,Link Post,18-65,Brand Logo Image + Shop Now Copy,Annual Sitewide Sale
Ad Variation 248,3273,26.57 ,66,0,Z_PFBW359,F,Past Sale Purchasers - 1% Lookalike,Lookalike Audience,All US,Mobile,Link Post,18-65,Brand Logo Image + Shop Now Copy,Annual Sitewide Sale
Ad Variation 277,6298,81.70 ,161,0,Z_PFBW243,F,Add to Cart Page - 1% Lookalike,Lookalike Audience,All US,Desktop,Link Post,18-65,Brand Logo Image + Shop Now Copy,Annual Sitewide Sale
Ad Variation 278,4517,32.34 ,138,1,Z_PFBW252,F,Add to Cart Page - 1% Lookalike,Lookalike Audience,All US,Mobile,Link Post,18-65,Brand Logo Image + Shop Now Copy,Annual Sitewide Sale
Ad Variation 279,5049,82.09 ,100,0,Z_PFBW351,F,Add to Cart Page - 1% Lookalike,Lookalike Audience,All US,Desktop,Link Post,18-65,Brand Logo Image + Shop Now Copy,Annual Sitewide Sale
Ad Variation 280,3888,31.79 ,96,0,Z_PFBW360,F,Add to Cart Page - 1% Lookalike,Lookalike Audience,All US,Mobile,Link Post,18-65,Brand Logo Image + Shop Now Copy,Annual Sitewide Sale
Ad Variation 332,5071,158.70 ,167,1,Z_PFBW238,F,Accessories Page,Website Custom Audience,All US,Desktop,Link Post,18-65,Brand Logo Image + Shop Now Copy,Annual Sitewide Sale
Ad Variation 333,5992,60.54 ,255,2,Z_PFBW247,F,Accessories Page,Website Custom Audience,All US,Mobile,Link Post,18-65,Brand Logo Image + Shop Now Copy,Annual Sitewide Sale
Ad Variation 334,6110,135.22 ,191,0,Z_PFBW346,F,Accessories Page,Website Custom Audience,All US,Desktop,Link Post,18-65,Brand Logo Image + Shop Now Copy,Annual Sitewide Sale
Ad Variation 335,7052,62.82 ,317,0,Z_PFBW355,F,Accessories Page,Website Custom Audience,All US,Mobile,Link Post,18-65,Brand Logo Image + Shop Now Copy,Annual Sitewide Sale
Ad Variation 374,1702,39.18 ,48,1,Z_PFBW244,F,Past Sale Purchasers ,Custom Audience,All US,Desktop,Link Post,18-65,Brand Logo Image + Shop Now Copy,Annual Sitewide Sale
Ad Variation 375,2604,23.91 ,68,0,Z_PFBW253,F,Past Sale Purchasers ,Custom Audience,All US,Mobile,Link Post,18-65,Brand Logo Image + Shop Now Copy,Annual Sitewide Sale
Ad Variation 376,848,17.83 ,19,0,Z_PFBW352,F,Past Sale Purchasers ,Custom Audience,All US,Desktop,Link Post,18-65,Brand Logo Image + Shop Now Copy,Annual Sitewide Sale
Ad Variation 377,2125,23.21 ,38,1,Z_PFBW361,F,Past Sale Purchasers ,Custom Audience,All US,Mobile,Link Post,18-65,Brand Logo Image + Shop Now Copy,Annual Sitewide Sale
Ad Variation 472,437,40.95 ,21,1,Z_PFBW236,F,Add to Cart Page,Website Custom Audience,All US,Desktop,Link Post,18-65,Brand Logo Image + Shop Now Copy,Annual Sitewide Sale
Ad Variation 473,5269,129.96 ,159,2,Z_PFBW245,F,Add to Cart Page,Website Custom Audience,All US,Mobile,Link Post,18-65,Brand Logo Image + Shop Now Copy,Annual Sitewide Sale
Ad Variation 474,188,13.01 ,12,0,Z_PFBW344,F,Add to Cart Page,Website Custom Audience,All US,Desktop,Link Post,18-65,Brand Logo Image + Shop Now Copy,Annual Sitewide Sale
Ad Variation 475,3654,73.75 ,145,1,Z_PFBW353,F,Add to Cart Page,Website Custom Audience,All US,Mobile,Link Post,18-65,Brand Logo Image + Shop Now Copy,Annual Sitewide Sale
Ad Variation 18,1369,43.74 ,44,0,Z_PFBW203,F,Sale Page,Website Custom Audience,All US,Desktop,Photo Post,18-65,Brand Logo Image Only,Annual Sitewide Sale
Ad Variation 19,2341,16.04 ,105,3,Z_PFBW212,F,Sale Page,Website Custom Audience,All US,Mobile,Photo Post,18-65,Brand Logo Image Only,Annual Sitewide Sale
Ad Variation 20,1661,42.58 ,62,1,Z_PFBW311,F,Sale Page,Website Custom Audience,All US,Desktop,Photo Post,18-65,Brand Logo Image Only,Annual Sitewide Sale
Ad Variation 21,1171,15.57 ,49,0,Z_PFBW320,F,Sale Page,Website Custom Audience,All US,Mobile,Photo Post,18-65,Brand Logo Image Only,Annual Sitewide Sale
Ad Variation 62,3446,95.74 ,137,2,Z_PFBW205,F,All Site Traffic,Website Custom Audience,All US,Desktop,Photo Post,18-65,Brand Logo Image Only,Annual Sitewide Sale
Ad Variation 63,6205,37.79 ,173,0,Z_PFBW214,F,All Site Traffic,Website Custom Audience,All US,Mobile,Photo Post,18-65,Brand Logo Image Only,Annual Sitewide Sale
Ad Variation 64,3383,72.06 ,103,0,Z_PFBW313,F,All Site Traffic,Website Custom Audience,All US,Desktop,Photo Post,18-65,Brand Logo Image Only,Annual Sitewide Sale
Ad Variation 65,4091,38.14 ,128,0,Z_PFBW322,F,All Site Traffic,Website Custom Audience,All US,Mobile,Photo Post,18-65,Brand Logo Image Only,Annual Sitewide Sale
Ad Variation 138,8024,114.62 ,172,1,Z_PFBW204,F,All Product Pages Site Traffic,Website Custom Audience,All US,Desktop,Photo Post,18-65,Brand Logo Image Only,Annual Sitewide Sale
Ad Variation 139,9429,48.35 ,235,2,Z_PFBW213,F,All Product Pages Site Traffic,Website Custom Audience,All US,Mobile,Photo Post,18-65,Brand Logo Image Only,Annual Sitewide Sale
Ad Variation 140,5340,110.26 ,138,1,Z_PFBW312,F,All Product Pages Site Traffic,Website Custom Audience,All US,Desktop,Photo Post,18-65,Brand Logo Image Only,Annual Sitewide Sale
Ad Variation 141,7757,48.92 ,164,0,Z_PFBW321,F,All Product Pages Site Traffic,Website Custom Audience,All US,Mobile,Photo Post,18-65,Brand Logo Image Only,Annual Sitewide Sale
Ad Variation 182,175,15.98 ,8,0,Z_PFBW201,F,Enter Card Info Page,Website Custom Audience,All US,Desktop,Photo Post,18-65,Brand Logo Image Only,Annual Sitewide Sale
Ad Variation 183,1359,29.25 ,36,0,Z_PFBW210,F,Enter Card Info Page,Website Custom Audience,All US,Mobile,Photo Post,18-65,Brand Logo Image Only,Annual Sitewide Sale
Ad Variation 184,230,14.05 ,11,0,Z_PFBW309,F,Enter Card Info Page,Website Custom Audience,All US,Desktop,Photo Post,18-65,Brand Logo Image Only,Annual Sitewide Sale
Ad Variation 185,1279,26.65 ,28,1,Z_PFBW318,F,Enter Card Info Page,Website Custom Audience,All US,Mobile,Photo Post,18-65,Brand Logo Image Only,Annual Sitewide Sale
Ad Variation 237,1958,27.12 ,40,0,Z_PFBW206,F,Past Sale Purchasers - 1% Lookalike,Lookalike Audience,All US,Desktop,Photo Post,18-65,Brand Logo Image Only,Annual Sitewide Sale
Ad Variation 238,2715,17.26 ,45,1,Z_PFBW215,F,Past Sale Purchasers - 1% Lookalike,Lookalike Audience,All US,Mobile,Photo Post,18-65,Brand Logo Image Only,Annual Sitewide Sale
Ad Variation 239,1666,27.96 ,39,0,Z_PFBW314,F,Past Sale Purchasers - 1% Lookalike,Lookalike Audience,All US,Desktop,Photo Post,18-65,Brand Logo Image Only,Annual Sitewide Sale
Ad Variation 240,1567,16.90 ,45,0,Z_PFBW323,F,Past Sale Purchasers - 1% Lookalike,Lookalike Audience,All US,Mobile,Photo Post,18-65,Brand Logo Image Only,Annual Sitewide Sale
Ad Variation 269,2933,38.06 ,81,0,Z_PFBW207,F,Add to Cart Page - 1% Lookalike,Lookalike Audience,All US,Desktop,Photo Post,18-65,Brand Logo Image Only,Annual Sitewide Sale
Ad Variation 270,2670,18.08 ,73,0,Z_PFBW216,F,Add to Cart Page - 1% Lookalike,Lookalike Audience,All US,Mobile,Photo Post,18-65,Brand Logo Image Only,Annual Sitewide Sale
Ad Variation 271,2283,38.29 ,66,0,Z_PFBW315,F,Add to Cart Page - 1% Lookalike,Lookalike Audience,All US,Desktop,Photo Post,18-65,Brand Logo Image Only,Annual Sitewide Sale
Ad Variation 272,2072,18.51 ,59,0,Z_PFBW324,F,Add to Cart Page - 1% Lookalike,Lookalike Audience,All US,Mobile,Photo Post,18-65,Brand Logo Image Only,Annual Sitewide Sale
Ad Variation 324,2415,70.98 ,67,1,Z_PFBW202,F,Accessories Page,Website Custom Audience,All US,Desktop,Photo Post,18-65,Brand Logo Image Only,Annual Sitewide Sale
Ad Variation 325,3882,32.64 ,171,2,Z_PFBW211,F,Accessories Page,Website Custom Audience,All US,Mobile,Photo Post,18-65,Brand Logo Image Only,Annual Sitewide Sale
Ad Variation 326,3021,66.57 ,90,2,Z_PFBW310,F,Accessories Page,Website Custom Audience,All US,Desktop,Photo Post,18-65,Brand Logo Image Only,Annual Sitewide Sale
Ad Variation 327,3784,33.01 ,127,3,Z_PFBW319,F,Accessories Page,Website Custom Audience,All US,Mobile,Photo Post,18-65,Brand Logo Image Only,Annual Sitewide Sale
Ad Variation 366,842,22.50 ,20,0,Z_PFBW208,F,Past Sale Purchasers ,Custom Audience,All US,Desktop,Photo Post,18-65,Brand Logo Image Only,Annual Sitewide Sale
Ad Variation 367,1946,17.14 ,38,0,Z_PFBW217,F,Past Sale Purchasers ,Custom Audience,All US,Mobile,Photo Post,18-65,Brand Logo Image Only,Annual Sitewide Sale
Ad Variation 368,331,11.35 ,12,0,Z_PFBW316,F,Past Sale Purchasers ,Custom Audience,All US,Desktop,Photo Post,18-65,Brand Logo Image Only,Annual Sitewide Sale
Ad Variation 369,1645,16.96 ,32,0,Z_PFBW325,F,Past Sale Purchasers ,Custom Audience,All US,Mobile,Photo Post,18-65,Brand Logo Image Only,Annual Sitewide Sale
Ad Variation 465,150,16.84 ,9,0,Z_PFBW200,F,Add to Cart Page,Website Custom Audience,All US,Desktop,Photo Post,18-65,Brand Logo Image Only,Annual Sitewide Sale
Ad Variation 466,2255,56.73 ,52,1,Z_PFBW209,F,Add to Cart Page,Website Custom Audience,All US,Mobile,Photo Post,18-65,Brand Logo Image Only,Annual Sitewide Sale
Ad Variation 467,825,20.06 ,17,0,Z_PFBW317,F,Add to Cart Page,Website Custom Audience,All US,Mobile,Photo Post,18-65,Brand Logo Image Only,Annual Sitewide Sale
Ad Variation 10,3389,107.38 ,134,3,Z_PFBW149,F,Sale Page,Website Custom Audience,All US,Desktop,Link Post,18-65,Further Reductions Image + 50% Off Copy,Annual Sitewide Sale
Ad Variation 11,4823,34.85 ,234,1,Z_PFBW158,F,Sale Page,Website Custom Audience,All US,Mobile,Link Post,18-65,Further Reductions Image + 50% Off Copy,Annual Sitewide Sale
Ad Variation 12,6012,118.59 ,235,1,Z_PFBW257,F,Sale Page,Website Custom Audience,All US,Desktop,Link Post,18-65,Further Reductions Image + 50% Off Copy,Annual Sitewide Sale
Ad Variation 13,3994,34.71 ,211,1,Z_PFBW266,F,Sale Page,Website Custom Audience,All US,Mobile,Link Post,18-65,Further Reductions Image + 50% Off Copy,Annual Sitewide Sale
Ad Variation 54,7094,207.57 ,236,2,Z_PFBW151,F,All Site Traffic,Website Custom Audience,All US,Desktop,Link Post,18-65,Further Reductions Image + 50% Off Copy,Annual Sitewide Sale
Ad Variation 55,9913,79.18 ,437,1,Z_PFBW160,F,All Site Traffic,Website Custom Audience,All US,Mobile,Link Post,18-65,Further Reductions Image + 50% Off Copy,Annual Sitewide Sale
Ad Variation 56,9985,216.29 ,390,2,Z_PFBW259,F,All Site Traffic,Website Custom Audience,All US,Desktop,Link Post,18-65,Further Reductions Image + 50% Off Copy,Annual Sitewide Sale
Ad Variation 57,8466,77.99 ,404,2,Z_PFBW268,F,All Site Traffic,Website Custom Audience,All US,Mobile,Link Post,18-65,Further Reductions Image + 50% Off Copy,Annual Sitewide Sale
Ad Variation 130,11617,246.36 ,272,1,Z_PFBW150,F,All Product Pages Site Traffic,Website Custom Audience,All US,Desktop,Link Post,18-65,Further Reductions Image + 50% Off Copy,Annual Sitewide Sale
Ad Variation 131,13175,94.01 ,534,1,Z_PFBW159,F,All Product Pages Site Traffic,Website Custom Audience,All US,Mobile,Link Post,18-65,Further Reductions Image + 50% Off Copy,Annual Sitewide Sale
Ad Variation 132,11863,240.79 ,275,2,Z_PFBW258,F,All Product Pages Site Traffic,Website Custom Audience,All US,Desktop,Link Post,18-65,Further Reductions Image + 50% Off Copy,Annual Sitewide Sale
Ad Variation 133,10395,88.02 ,375,1,Z_PFBW267,F,All Product Pages Site Traffic,Website Custom Audience,All US,Mobile,Link Post,18-65,Further Reductions Image + 50% Off Copy,Annual Sitewide Sale
Ad Variation 174,557,51.23 ,30,0,Z_PFBW147,F,Enter Card Info Page,Website Custom Audience,All US,Desktop,Link Post,18-65,Further Reductions Image + 50% Off Copy,Annual Sitewide Sale
Ad Variation 175,2388,56.41 ,80,4,Z_PFBW156,F,Enter Card Info Page,Website Custom Audience,All US,Mobile,Link Post,18-65,Further Reductions Image + 50% Off Copy,Annual Sitewide Sale
Ad Variation 176,624,28.45 ,33,0,Z_PFBW255,F,Enter Card Info Page,Website Custom Audience,All US,Desktop,Link Post,18-65,Further Reductions Image + 50% Off Copy,Annual Sitewide Sale
Ad Variation 177,2026,42.55 ,64,0,Z_PFBW264,F,Enter Card Info Page,Website Custom Audience,All US,Mobile,Link Post,18-65,Further Reductions Image + 50% Off Copy,Annual Sitewide Sale
Ad Variation 229,4512,51.19 ,110,1,Z_PFBW152,F,Past Sale Purchasers - 1% Lookalike,Lookalike Audience,All US,Desktop,Link Post,18-65,Further Reductions Image + 50% Off Copy,Annual Sitewide Sale
Ad Variation 230,3401,27.02 ,98,0,Z_PFBW161,F,Past Sale Purchasers - 1% Lookalike,Lookalike Audience,All US,Mobile,Link Post,18-65,Further Reductions Image + 50% Off Copy,Annual Sitewide Sale
Ad Variation 231,3169,52.26 ,54,2,Z_PFBW260,F,Past Sale Purchasers - 1% Lookalike,Lookalike Audience,All US,Desktop,Link Post,18-65,Further Reductions Image + 50% Off Copy,Annual Sitewide Sale
Ad Variation 232,3343,26.56 ,76,0,Z_PFBW269,F,Past Sale Purchasers - 1% Lookalike,Lookalike Audience,All US,Mobile,Link Post,18-65,Further Reductions Image + 50% Off Copy,Annual Sitewide Sale
Ad Variation 261,7692,79.84 ,215,3,Z_PFBW153,F,Add to Cart Page - 1% Lookalike,Lookalike Audience,All US,Desktop,Link Post,18-65,Further Reductions Image + 50% Off Copy,Annual Sitewide Sale
Ad Variation 262,4954,33.27 ,147,1,Z_PFBW162,F,Add to Cart Page - 1% Lookalike,Lookalike Audience,All US,Mobile,Link Post,18-65,Further Reductions Image + 50% Off Copy,Annual Sitewide Sale
Ad Variation 263,5318,79.00 ,108,0,Z_PFBW261,F,Add to Cart Page - 1% Lookalike,Lookalike Audience,All US,Desktop,Link Post,18-65,Further Reductions Image + 50% Off Copy,Annual Sitewide Sale
Ad Variation 264,4076,32.08 ,94,0,Z_PFBW270,F,Add to Cart Page - 1% Lookalike,Lookalike Audience,All US,Mobile,Link Post,18-65,Further Reductions Image + 50% Off Copy,Annual Sitewide Sale
Ad Variation 316,4603,161.17 ,166,0,Z_PFBW148,F,Accessories Page,Website Custom Audience,All US,Desktop,Link Post,18-65,Further Reductions Image + 50% Off Copy,Annual Sitewide Sale
Ad Variation 317,6552,63.03 ,324,2,Z_PFBW157,F,Accessories Page,Website Custom Audience,All US,Mobile,Link Post,18-65,Further Reductions Image + 50% Off Copy,Annual Sitewide Sale
Ad Variation 318,7302,154.38 ,242,6,Z_PFBW256,F,Accessories Page,Website Custom Audience,All US,Desktop,Link Post,18-65,Further Reductions Image + 50% Off Copy,Annual Sitewide Sale
Ad Variation 319,6498,62.04 ,296,0,Z_PFBW265,F,Accessories Page,Website Custom Audience,All US,Mobile,Link Post,18-65,Further Reductions Image + 50% Off Copy,Annual Sitewide Sale
Ad Variation 358,1635,37.82 ,36,2,Z_PFBW154,F,Past Sale Purchasers ,Custom Audience,All US,Desktop,Link Post,18-65,Further Reductions Image + 50% Off Copy,Annual Sitewide Sale
Ad Variation 359,2425,23.47 ,86,0,Z_PFBW163,F,Past Sale Purchasers ,Custom Audience,All US,Mobile,Link Post,18-65,Further Reductions Image + 50% Off Copy,Annual Sitewide Sale
Ad Variation 360,795,18.04 ,17,0,Z_PFBW262,F,Past Sale Purchasers ,Custom Audience,All US,Desktop,Link Post,18-65,Further Reductions Image + 50% Off Copy,Annual Sitewide Sale
Ad Variation 361,2035,22.83 ,49,0,Z_PFBW271,F,Past Sale Purchasers ,Custom Audience,All US,Mobile,Link Post,18-65,Further Reductions Image + 50% Off Copy,Annual Sitewide Sale
Ad Variation 457,1124,119.92 ,59,4,Z_PFBW146,F,Add to Cart Page,Website Custom Audience,All US,Desktop,Link Post,18-65,Further Reductions Image + 50% Off Copy,Annual Sitewide Sale
Ad Variation 458,5065,136.53 ,184,6,Z_PFBW155,F,Add to Cart Page,Website Custom Audience,All US,Mobile,Link Post,18-65,Further Reductions Image + 50% Off Copy,Annual Sitewide Sale
Ad Variation 459,582,34.06 ,36,0,Z_PFBW254,F,Add to Cart Page,Website Custom Audience,All US,Desktop,Link Post,18-65,Further Reductions Image + 50% Off Copy,Annual Sitewide Sale
Ad Variation 460,6591,120.91 ,231,5,Z_PFBW263,F,Add to Cart Page,Website Custom Audience,All US,Mobile,Link Post,18-65,Further Reductions Image + 50% Off Copy,Annual Sitewide Sale
Ad Variation 14,3364,106.52 ,134,2,Z_PFBW221,F,Sale Page,Website Custom Audience,All US,Desktop,Link Post,18-65,Further Reductions Image + Shop Now Copy,Annual Sitewide Sale
Ad Variation 15,4456,35.90 ,258,0,Z_PFBW230,F,Sale Page,Website Custom Audience,All US,Mobile,Link Post,18-65,Further Reductions Image + Shop Now Copy,Annual Sitewide Sale
Ad Variation 16,5054,113.05 ,190,3,Z_PFBW329,F,Sale Page,Website Custom Audience,All US,Desktop,Link Post,18-65,Further Reductions Image + Shop Now Copy,Annual Sitewide Sale
Ad Variation 17,4202,33.76 ,171,1,Z_PFBW338,F,Sale Page,Website Custom Audience,All US,Mobile,Link Post,18-65,Further Reductions Image + Shop Now Copy,Annual Sitewide Sale
Ad Variation 58,6959,210.04 ,250,2,Z_PFBW223,F,All Site Traffic,Website Custom Audience,All US,Desktop,Link Post,18-65,Further Reductions Image + Shop Now Copy,Annual Sitewide Sale
Ad Variation 59,8527,77.35 ,396,1,Z_PFBW232,F,All Site Traffic,Website Custom Audience,All US,Mobile,Link Post,18-65,Further Reductions Image + Shop Now Copy,Annual Sitewide Sale
Ad Variation 60,10648,222.39 ,399,2,Z_PFBW331,F,All Site Traffic,Website Custom Audience,All US,Desktop,Link Post,18-65,Further Reductions Image + Shop Now Copy,Annual Sitewide Sale
Ad Variation 61,7893,76.25 ,336,2,Z_PFBW340,F,All Site Traffic,Website Custom Audience,All US,Mobile,Link Post,18-65,Further Reductions Image + Shop Now Copy,Annual Sitewide Sale
Ad Variation 134,13290,254.25 ,291,1,Z_PFBW222,F,All Product Pages Site Traffic,Website Custom Audience,All US,Desktop,Link Post,18-65,Further Reductions Image + Shop Now Copy,Annual Sitewide Sale
Ad Variation 135,14058,97.00 ,557,0,Z_PFBW231,F,All Product Pages Site Traffic,Website Custom Audience,All US,Mobile,Link Post,18-65,Further Reductions Image + Shop Now Copy,Annual Sitewide Sale
Ad Variation 136,14641,240.98 ,382,2,Z_PFBW330,F,All Product Pages Site Traffic,Website Custom Audience,All US,Desktop,Link Post,18-65,Further Reductions Image + Shop Now Copy,Annual Sitewide Sale
Ad Variation 137,10748,90.69 ,414,1,Z_PFBW339,F,All Product Pages Site Traffic,Website Custom Audience,All US,Mobile,Link Post,18-65,Further Reductions Image + Shop Now Copy,Annual Sitewide Sale
Ad Variation 178,308,20.26 ,16,0,Z_PFBW219,F,Enter Card Info Page,Website Custom Audience,All US,Desktop,Link Post,18-65,Further Reductions Image + Shop Now Copy,Annual Sitewide Sale
Ad Variation 179,2231,55.95 ,51,3,Z_PFBW228,F,Enter Card Info Page,Website Custom Audience,All US,Mobile,Link Post,18-65,Further Reductions Image + Shop Now Copy,Annual Sitewide Sale
Ad Variation 180,308,14.96 ,17,0,Z_PFBW327,F,Enter Card Info Page,Website Custom Audience,All US,Desktop,Link Post,18-65,Further Reductions Image + Shop Now Copy,Annual Sitewide Sale
Ad Variation 181,2634,54.99 ,92,2,Z_PFBW336,F,Enter Card Info Page,Website Custom Audience,All US,Mobile,Link Post,18-65,Further Reductions Image + Shop Now Copy,Annual Sitewide Sale
Ad Variation 233,3889,50.06 ,93,0,Z_PFBW224,F,Past Sale Purchasers - 1% Lookalike,Lookalike Audience,All US,Desktop,Link Post,18-65,Further Reductions Image + Shop Now Copy,Annual Sitewide Sale
Ad Variation 234,3593,26.91 ,87,1,Z_PFBW233,F,Past Sale Purchasers - 1% Lookalike,Lookalike Audience,All US,Mobile,Link Post,18-65,Further Reductions Image + Shop Now Copy,Annual Sitewide Sale
Ad Variation 235,3547,53.38 ,70,1,Z_PFBW332,F,Past Sale Purchasers - 1% Lookalike,Lookalike Audience,All US,Desktop,Link Post,18-65,Further Reductions Image + Shop Now Copy,Annual Sitewide Sale
Ad Variation 236,3020,27.32 ,65,0,Z_PFBW341,F,Past Sale Purchasers - 1% Lookalike,Lookalike Audience,All US,Mobile,Link Post,18-65,Further Reductions Image + Shop Now Copy,Annual Sitewide Sale
Ad Variation 265,6688,77.19 ,173,1,Z_PFBW225,F,Add to Cart Page - 1% Lookalike,Lookalike Audience,All US,Desktop,Link Post,18-65,Further Reductions Image + Shop Now Copy,Annual Sitewide Sale
Ad Variation 266,4436,34.16 ,141,0,Z_PFBW234,F,Add to Cart Page - 1% Lookalike,Lookalike Audience,All US,Mobile,Link Post,18-65,Further Reductions Image + Shop Now Copy,Annual Sitewide Sale
Ad Variation 267,4896,76.93 ,105,0,Z_PFBW333,F,Add to Cart Page - 1% Lookalike,Lookalike Audience,All US,Desktop,Link Post,18-65,Further Reductions Image + Shop Now Copy,Annual Sitewide Sale
Ad Variation 268,3497,30.27 ,74,0,Z_PFBW342,F,Add to Cart Page - 1% Lookalike,Lookalike Audience,All US,Mobile,Link Post,18-65,Further Reductions Image + Shop Now Copy,Annual Sitewide Sale
Ad Variation 320,4689,160.23 ,153,1,Z_PFBW220,F,Accessories Page,Website Custom Audience,All US,Desktop,Link Post,18-65,Further Reductions Image + Shop Now Copy,Annual Sitewide Sale
Ad Variation 321,5963,61.21 ,293,0,Z_PFBW229,F,Accessories Page,Website Custom Audience,All US,Mobile,Link Post,18-65,Further Reductions Image + Shop Now Copy,Annual Sitewide Sale
Ad Variation 322,8522,158.76 ,318,1,Z_PFBW328,F,Accessories Page,Website Custom Audience,All US,Desktop,Link Post,18-65,Further Reductions Image + Shop Now Copy,Annual Sitewide Sale
Ad Variation 323,7359,59.14 ,336,0,Z_PFBW337,F,Accessories Page,Website Custom Audience,All US,Mobile,Link Post,18-65,Further Reductions Image + Shop Now Copy,Annual Sitewide Sale
Ad Variation 362,1569,38.29 ,35,2,Z_PFBW226,F,Past Sale Purchasers ,Custom Audience,All US,Desktop,Link Post,18-65,Further Reductions Image + Shop Now Copy,Annual Sitewide Sale
Ad Variation 363,2479,23.70 ,73,0,Z_PFBW235,F,Past Sale Purchasers ,Custom Audience,All US,Mobile,Link Post,18-65,Further Reductions Image + Shop Now Copy,Annual Sitewide Sale
Ad Variation 364,1577,30.89 ,30,1,Z_PFBW334,F,Past Sale Purchasers ,Custom Audience,All US,Desktop,Link Post,18-65,Further Reductions Image + Shop Now Copy,Annual Sitewide Sale
Ad Variation 365,2325,23.79 ,58,0,Z_PFBW343,F,Past Sale Purchasers ,Custom Audience,All US,Mobile,Link Post,18-65,Further Reductions Image + Shop Now Copy,Annual Sitewide Sale
Ad Variation 461,261,27.42 ,16,0,Z_PFBW218,F,Add to Cart Page,Website Custom Audience,All US,Desktop,Link Post,18-65,Further Reductions Image + Shop Now Copy,Annual Sitewide Sale
Ad Variation 462,5042,130.40 ,155,1,Z_PFBW227,F,Add to Cart Page,Website Custom Audience,All US,Mobile,Link Post,18-65,Further Reductions Image + Shop Now Copy,Annual Sitewide Sale
Ad Variation 463,220,15.00 ,15,0,Z_PFBW326,F,Add to Cart Page,Website Custom Audience,All US,Desktop,Link Post,18-65,Further Reductions Image + Shop Now Copy,Annual Sitewide Sale
Ad Variation 464,4642,102.46 ,150,4,Z_PFBW335,F,Add to Cart Page,Website Custom Audience,All US,Mobile,Link Post,18-65,Further Reductions Image + Shop Now Copy,Annual Sitewide Sale
Ad Variation 6,1775,45.58 ,69,0,Z_PFBW167,F,Sale Page,Website Custom Audience,All US,Desktop,Photo Post,18-65,Further Reductions Image Only,Annual Sitewide Sale
Ad Variation 7,1937,17.06 ,92,0,Z_PFBW176,F,Sale Page,Website Custom Audience,All US,Mobile,Photo Post,18-65,Further Reductions Image Only,Annual Sitewide Sale
Ad Variation 8,1810,45.64 ,63,0,Z_PFBW275,F,Sale Page,Website Custom Audience,All US,Desktop,Photo Post,18-65,Further Reductions Image Only,Annual Sitewide Sale
Ad Variation 9,1278,16.70 ,63,2,Z_PFBW284,F,Sale Page,Website Custom Audience,All US,Mobile,Photo Post,18-65,Further Reductions Image Only,Annual Sitewide Sale
Ad Variation 50,3717,96.45 ,134,0,Z_PFBW169,F,All Site Traffic,Website Custom Audience,All US,Desktop,Photo Post,18-65,Further Reductions Image Only,Annual Sitewide Sale
Ad Variation 51,4445,38.98 ,143,0,Z_PFBW178,F,All Site Traffic,Website Custom Audience,All US,Mobile,Photo Post,18-65,Further Reductions Image Only,Annual Sitewide Sale
Ad Variation 52,4131,93.00 ,131,1,Z_PFBW277,F,All Site Traffic,Website Custom Audience,All US,Desktop,Photo Post,18-65,Further Reductions Image Only,Annual Sitewide Sale
Ad Variation 53,4650,39.46 ,162,0,Z_PFBW286,F,All Site Traffic,Website Custom Audience,All US,Mobile,Photo Post,18-65,Further Reductions Image Only,Annual Sitewide Sale
Ad Variation 126,5833,115.87 ,98,1,Z_PFBW168,F,All Product Pages Site Traffic,Website Custom Audience,All US,Desktop,Photo Post,18-65,Further Reductions Image Only,Annual Sitewide Sale
Ad Variation 127,7315,48.27 ,148,0,Z_PFBW177,F,All Product Pages Site Traffic,Website Custom Audience,All US,Mobile,Photo Post,18-65,Further Reductions Image Only,Annual Sitewide Sale
Ad Variation 128,6222,106.74 ,133,1,Z_PFBW276,F,All Product Pages Site Traffic,Website Custom Audience,All US,Desktop,Photo Post,18-65,Further Reductions Image Only,Annual Sitewide Sale
Ad Variation 129,5795,47.27 ,129,2,Z_PFBW285,F,All Product Pages Site Traffic,Website Custom Audience,All US,Mobile,Photo Post,18-65,Further Reductions Image Only,Annual Sitewide Sale
Ad Variation 170,688,57.17 ,29,1,Z_PFBW165,F,Enter Card Info Page,Website Custom Audience,All US,Desktop,Photo Post,18-65,Further Reductions Image Only,Annual Sitewide Sale
Ad Variation 171,1251,28.94 ,32,1,Z_PFBW174,F,Enter Card Info Page,Website Custom Audience,All US,Mobile,Photo Post,18-65,Further Reductions Image Only,Annual Sitewide Sale
Ad Variation 172,112,9.79 ,10,0,Z_PFBW273,F,Enter Card Info Page,Website Custom Audience,All US,Desktop,Photo Post,18-65,Further Reductions Image Only,Annual Sitewide Sale
Ad Variation 173,945,20.25 ,29,0,Z_PFBW282,F,Enter Card Info Page,Website Custom Audience,All US,Mobile,Photo Post,18-65,Further Reductions Image Only,Annual Sitewide Sale
Ad Variation 225,2126,27.49 ,43,0,Z_PFBW170,F,Past Sale Purchasers - 1% Lookalike,Lookalike Audience,All US,Desktop,Photo Post,18-65,Further Reductions Image Only,Annual Sitewide Sale
Ad Variation 226,2381,17.46 ,34,0,Z_PFBW179,F,Past Sale Purchasers - 1% Lookalike,Lookalike Audience,All US,Mobile,Photo Post,18-65,Further Reductions Image Only,Annual Sitewide Sale
Ad Variation 227,1430,26.29 ,31,0,Z_PFBW278,F,Past Sale Purchasers - 1% Lookalike,Lookalike Audience,All US,Desktop,Photo Post,18-65,Further Reductions Image Only,Annual Sitewide Sale
Ad Variation 228,1715,16.86 ,26,0,Z_PFBW287,F,Past Sale Purchasers - 1% Lookalike,Lookalike Audience,All US,Mobile,Photo Post,18-65,Further Reductions Image Only,Annual Sitewide Sale
Ad Variation 257,2931,37.23 ,62,0,Z_PFBW171,F,Add to Cart Page - 1% Lookalike,Lookalike Audience,All US,Desktop,Photo Post,18-65,Further Reductions Image Only,Annual Sitewide Sale
Ad Variation 258,2857,18.47 ,60,3,Z_PFBW180,F,Add to Cart Page - 1% Lookalike,Lookalike Audience,All US,Mobile,Photo Post,18-65,Further Reductions Image Only,Annual Sitewide Sale
Ad Variation 259,1878,36.87 ,55,1,Z_PFBW279,F,Add to Cart Page - 1% Lookalike,Lookalike Audience,All US,Desktop,Photo Post,18-65,Further Reductions Image Only,Annual Sitewide Sale
Ad Variation 260,1766,17.96 ,53,0,Z_PFBW288,F,Add to Cart Page - 1% Lookalike,Lookalike Audience,All US,Mobile,Photo Post,18-65,Further Reductions Image Only,Annual Sitewide Sale
Ad Variation 312,2329,73.26 ,69,0,Z_PFBW166,F,Accessories Page,Website Custom Audience,All US,Desktop,Photo Post,18-65,Further Reductions Image Only,Annual Sitewide Sale
Ad Variation 313,4517,33.34 ,178,1,Z_PFBW175,F,Accessories Page,Website Custom Audience,All US,Mobile,Photo Post,18-65,Further Reductions Image Only,Annual Sitewide Sale
Ad Variation 314,3080,69.15 ,96,1,Z_PFBW274,F,Accessories Page,Website Custom Audience,All US,Desktop,Photo Post,18-65,Further Reductions Image Only,Annual Sitewide Sale
Ad Variation 315,3765,32.82 ,112,0,Z_PFBW283,F,Accessories Page,Website Custom Audience,All US,Mobile,Photo Post,18-65,Further Reductions Image Only,Annual Sitewide Sale
Ad Variation 354,799,23.15 ,17,0,Z_PFBW172,F,Past Sale Purchasers ,Custom Audience,All US,Desktop,Photo Post,18-65,Further Reductions Image Only,Annual Sitewide Sale
Ad Variation 355,2155,17.16 ,33,0,Z_PFBW181,F,Past Sale Purchasers ,Custom Audience,All US,Mobile,Photo Post,18-65,Further Reductions Image Only,Annual Sitewide Sale
Ad Variation 356,276,10.36 ,7,0,Z_PFBW280,F,Past Sale Purchasers ,Custom Audience,All US,Desktop,Photo Post,18-65,Further Reductions Image Only,Annual Sitewide Sale
Ad Variation 357,1469,17.05 ,28,0,Z_PFBW289,F,Past Sale Purchasers ,Custom Audience,All US,Mobile,Photo Post,18-65,Further Reductions Image Only,Annual Sitewide Sale
Ad Variation 453,1383,118.40 ,62,2,Z_PFBW164,F,Add to Cart Page,Website Custom Audience,All US,Desktop,Photo Post,18-65,Further Reductions Image Only,Annual Sitewide Sale
Ad Variation 454,2631,61.86 ,69,0,Z_PFBW173,F,Add to Cart Page,Website Custom Audience,All US,Mobile,Photo Post,18-65,Further Reductions Image Only,Annual Sitewide Sale
Ad Variation 455,572,31.39 ,28,2,Z_PFBW272,F,Add to Cart Page,Website Custom Audience,All US,Desktop,Photo Post,18-65,Further Reductions Image Only,Annual Sitewide Sale
Ad Variation 456,2996,59.52 ,89,4,Z_PFBW281,F,Add to Cart Page,Website Custom Audience,All US,Mobile,Photo Post,18-65,Further Reductions Image Only,Annual Sitewide Sale
Ad Variation 1,66068,"1,370.81 ",1509,13,Z_FBW1930,F,Sale Page,Website Custom Audience,All US,Desktop,Link Post,18-65,Not Tested,Annual Sitewide Sale
Ad Variation 2,115733,"1,735.83 ",3971,23,Z_FBW1934,F,Sale Page,Website Custom Audience,All US,Desktop,Link Post,18-65,Not Tested,Annual Sitewide Sale
Ad Variation 3,10568,181.56 ,225,2,Z_PFBW115,F,Sale Page,Website Custom Audience,All US,Desktop,Photo Post,18-65,Not Tested,Annual Sitewide Sale
Ad Variation 4,9005,73.33 ,274,2,Z_PFBW117,F,Sale Page,Website Custom Audience,All US,Mobile,Photo Post,18-65,Not Tested,Annual Sitewide Sale
Ad Variation 5,24136,230.80 ,962,4,Z_PFBW130,F,Sale Page,Website Custom Audience,All US,Mobile,Link Post,18-65,Not Tested,Annual Sitewide Sale
Ad Variation 42,15972,154.33 ,566,4,Z_FBM797,M,All Site Traffic,Website Custom Audience,All US,Desktop,Photo Post,18-65,Not Tested,Annual Sitewide Sale
Ad Variation 43,6174,38.29 ,210,0,Z_FBM811,M,All Site Traffic,Website Custom Audience,All US,Mobile,Photo Post,18-65,Not Tested,Annual Sitewide Sale
Ad Variation 44,19491,254.07 ,496,4,Z_FBM825,M,All Site Traffic,Website Custom Audience,All US,Desktop,Link Post,18-65,Not Tested,Annual Sitewide Sale
Ad Variation 45,8025,60.61 ,276,2,Z_FBM839,M,All Site Traffic,Website Custom Audience,All US,Mobile,Link Post,18-65,Not Tested,Annual Sitewide Sale
Ad Variation 46,168244,823.12 ,6643,41,Z_FBW1844,F,All Site Traffic,Website Custom Audience,All US,Mobile,Photo Post,18-65,Not Tested,Annual Sitewide Sale
Ad Variation 47,213316,"3,266.15 ",8135,91,Z_FBW1858,F,All Site Traffic,Website Custom Audience,All US,Desktop,Photo Post,18-65,Not Tested,Annual Sitewide Sale
Ad Variation 48,255259,"1,983.58 ",13312,53,Z_FBW1865,F,All Site Traffic,Website Custom Audience,All US,Mobile,Link Post,18-65,Not Tested,Annual Sitewide Sale
Ad Variation 49,339213,"6,407.02 ",10682,91,Z_FBW1883,F,All Site Traffic,Website Custom Audience,All US,Desktop,Link Post,18-65,Not Tested,Annual Sitewide Sale
Ad Variation 74,1046,16.66 ,19,0,Z_FBM796,M,Under $200 Purchasers - 1% Lookalike,Lookalike Audience,All US,Desktop,Photo Post,18-65,Not Tested,Annual Sitewide Sale
Ad Variation 75,1334,14.15 ,13,0,Z_FBM810,M,Under $200 Purchasers - 1% Lookalike,Lookalike Audience,All US,Mobile,Photo Post,18-65,Not Tested,Annual Sitewide Sale
Ad Variation 76,1976,27.38 ,20,0,Z_FBM824,M,Under $200 Purchasers - 1% Lookalike,Lookalike Audience,All US,Desktop,Link Post,18-65,Not Tested,Annual Sitewide Sale
Ad Variation 77,1096,11.62 ,14,0,Z_FBM838,M,Under $200 Purchasers - 1% Lookalike,Lookalike Audience,All US,Mobile,Link Post,18-65,Not Tested,Annual Sitewide Sale
Ad Variation 78,12711,84.14 ,323,0,Z_FBW1843,F,Under $200 Purchasers - 1% Lookalike,Lookalike Audience,All US,Mobile,Photo Post,18-65,Not Tested,Annual Sitewide Sale
Ad Variation 79,20988,261.40 ,505,5,Z_FBW1857,F,Under $200 Purchasers - 1% Lookalike,Lookalike Audience,All US,Desktop,Photo Post,18-65,Not Tested,Annual Sitewide Sale
Ad Variation 80,23693,163.48 ,646,1,Z_FBW1863,F,Under $200 Purchasers - 1% Lookalike,Lookalike Audience,All US,Mobile,Link Post,18-65,Not Tested,Annual Sitewide Sale
Ad Variation 81,73275,996.46 ,1278,18,Z_FBW1884,F,Under $200 Purchasers - 1% Lookalike,Lookalike Audience,All US,Desktop,Link Post,18-65,Not Tested,Annual Sitewide Sale
Ad Variation 82,262,8.81 ,10,0,Z_FBM795,M,Under $200 Purchasers,Custom Audience,All US,Desktop,Photo Post,18-65,Not Tested,Annual Sitewide Sale
Ad Variation 83,1122,12.88 ,10,0,Z_FBM809,M,Under $200 Purchasers,Custom Audience,All US,Mobile,Photo Post,18-65,Not Tested,Annual Sitewide Sale
Ad Variation 84,876,15.87 ,18,0,Z_FBM823,M,Under $200 Purchasers,Custom Audience,All US,Desktop,Link Post,18-65,Not Tested,Annual Sitewide Sale
Ad Variation 85,1553,15.82 ,22,0,Z_FBM837,M,Under $200 Purchasers,Custom Audience,All US,Mobile,Link Post,18-65,Not Tested,Annual Sitewide Sale
Ad Variation 86,7967,62.55 ,110,1,Z_FBW1842,F,Under $200 Purchasers,Custom Audience,All US,Mobile,Photo Post,18-65,Not Tested,Annual Sitewide Sale
Ad Variation 87,11352,192.19 ,171,2,Z_FBW1852,F,Under $200 Purchasers,Custom Audience,All US,Desktop,Photo Post,18-65,Not Tested,Annual Sitewide Sale
Ad Variation 88,16609,131.83 ,330,1,Z_FBW1864,F,Under $200 Purchasers,Custom Audience,All US,Mobile,Link Post,18-65,Not Tested,Annual Sitewide Sale
Ad Variation 89,4186,71.04 ,72,0,Z_FBW1886,F,Under $200 Purchasers,Custom Audience,All US,Desktop,Link Post,18-65,Not Tested,Annual Sitewide Sale
Ad Variation 102,1029,16.10 ,22,0,Z_FBM794,M,Past Sale Purchasers - 1% Lookalike,Lookalike Audience,All US,Desktop,Photo Post,18-65,Not Tested,Annual Sitewide Sale
Ad Variation 103,1672,16.28 ,21,0,Z_FBM808,M,Past Sale Purchasers - 1% Lookalike,Lookalike Audience,All US,Mobile,Photo Post,18-65,Not Tested,Annual Sitewide Sale
Ad Variation 104,2106,28.21 ,36,0,Z_FBM822,M,Past Sale Purchasers - 1% Lookalike,Lookalike Audience,All US,Desktop,Link Post,18-65,Not Tested,Annual Sitewide Sale
Ad Variation 105,1677,15.76 ,22,0,Z_FBM836,M,Past Sale Purchasers - 1% Lookalike,Lookalike Audience,All US,Mobile,Link Post,18-65,Not Tested,Annual Sitewide Sale
Ad Variation 106,19802,118.31 ,498,1,Z_FBW1841,F,Past Sale Purchasers - 1% Lookalike,Lookalike Audience,All US,Mobile,Photo Post,18-65,Not Tested,Annual Sitewide Sale
Ad Variation 107,37542,488.67 ,751,10,Z_FBW1851,F,Past Sale Purchasers - 1% Lookalike,Lookalike Audience,All US,Desktop,Photo Post,18-65,Not Tested,Annual Sitewide Sale
Ad Variation 108,43243,280.71 ,1220,8,Z_FBW1860,F,Past Sale Purchasers - 1% Lookalike,Lookalike Audience,All US,Mobile,Link Post,18-65,Not Tested,Annual Sitewide Sale
Ad Variation 109,93590,"1,197.64 ",1486,13,Z_FBW1885,F,Past Sale Purchasers - 1% Lookalike,Lookalike Audience,All US,Desktop,Link Post,18-65,Not Tested,Annual Sitewide Sale
Ad Variation 110,720,16.76 ,21,1,Z_FBM793,M,Past Sale Purchasers,Custom Audience,All US,Desktop,Photo Post,18-65,Not Tested,Annual Sitewide Sale
Ad Variation 111,768,12.83 ,13,0,Z_FBM807,M,Past Sale Purchasers,Custom Audience,All US,Mobile,Photo Post,18-65,Not Tested,Annual Sitewide Sale
Ad Variation 112,995,20.14 ,18,0,Z_FBM821,M,Past Sale Purchasers,Custom Audience,All US,Desktop,Link Post,18-65,Not Tested,Annual Sitewide Sale
Ad Variation 113,975,13.97 ,18,0,Z_FBM835,M,Past Sale Purchasers,Custom Audience,All US,Mobile,Link Post,18-65,Not Tested,Annual Sitewide Sale
Ad Variation 114,16539,144.12 ,280,4,Z_FBW1840,F,Past Sale Purchasers,Custom Audience,All US,Mobile,Photo Post,18-65,Not Tested,Annual Sitewide Sale
Ad Variation 115,5421,130.46 ,103,3,Z_FBW1850,F,Past Sale Purchasers,Custom Audience,All US,Desktop,Photo Post,18-65,Not Tested,Annual Sitewide Sale
Ad Variation 116,20791,189.64 ,515,5,Z_FBW1859,F,Past Sale Purchasers,Custom Audience,All US,Mobile,Link Post,18-65,Not Tested,Annual Sitewide Sale
Ad Variation 117,12981,248.41 ,289,2,Z_FBW1880,F,Past Sale Purchasers,Custom Audience,All US,Desktop,Link Post,18-65,Not Tested,Annual Sitewide Sale
Ad Variation 118,13722,138.77 ,300,3,Z_FBM792,M,All Product Pages Site Traffic,Website Custom Audience,All US,Desktop,Photo Post,18-65,Not Tested,Annual Sitewide Sale
Ad Variation 119,3677,27.94 ,78,0,Z_FBM806,M,All Product Pages Site Traffic,Website Custom Audience,All US,Mobile,Photo Post,18-65,Not Tested,Annual Sitewide Sale
Ad Variation 120,22567,255.55 ,455,5,Z_FBM820,M,All Product Pages Site Traffic,Website Custom Audience,All US,Desktop,Link Post,18-65,Not Tested,Annual Sitewide Sale
Ad Variation 121,5848,41.92 ,152,0,Z_FBM834,M,All Product Pages Site Traffic,Website Custom Audience,All US,Mobile,Link Post,18-65,Not Tested,Annual Sitewide Sale
Ad Variation 122,248094,"1,164.97 ",7811,58,Z_FBW1839,F,All Product Pages Site Traffic,Website Custom Audience,All US,Mobile,Photo Post,18-65,Not Tested,Annual Sitewide Sale
Ad Variation 123,271742,"3,826.61 ",9716,95,Z_FBW1849,F,All Product Pages Site Traffic,Website Custom Audience,All US,Desktop,Photo Post,18-65,Not Tested,Annual Sitewide Sale
Ad Variation 124,248249,"1,924.57 ",8912,46,Z_FBW1867,F,All Product Pages Site Traffic,Website Custom Audience,All US,Mobile,Link Post,18-65,Not Tested,Annual Sitewide Sale
Ad Variation 125,532417,"8,820.45 ",13836,139,Z_FBW1882,F,All Product Pages Site Traffic,Website Custom Audience,All US,Desktop,Link Post,18-65,Not Tested,Annual Sitewide Sale
Ad Variation 150,783,14.08 ,16,0,Z_FBM791,M,Accessories Purchasers,Custom Audience,All US,Desktop,Photo Post,18-65,Not Tested,Annual Sitewide Sale
Ad Variation 151,979,12.52 ,11,0,Z_FBM805,M,Accessories Purchasers,Custom Audience,All US,Mobile,Photo Post,18-65,Not Tested,Annual Sitewide Sale
Ad Variation 152,1621,27.60 ,32,2,Z_FBM819,M,Accessories Purchasers,Custom Audience,All US,Desktop,Link Post,18-65,Not Tested,Annual Sitewide Sale
Ad Variation 153,1408,15.63 ,18,0,Z_FBM833,M,Accessories Purchasers,Custom Audience,All US,Mobile,Link Post,18-65,Not Tested,Annual Sitewide Sale
Ad Variation 154,29568,207.05 ,494,11,Z_FBW1838,F,Accessories Purchasers,Custom Audience,All US,Mobile,Photo Post,18-65,Not Tested,Annual Sitewide Sale
Ad Variation 155,19095,286.33 ,298,4,Z_FBW1856,F,Accessories Purchasers,Custom Audience,All US,Desktop,Photo Post,18-65,Not Tested,Annual Sitewide Sale
Ad Variation 156,30311,234.52 ,545,3,Z_FBW1872,F,Accessories Purchasers,Custom Audience,All US,Mobile,Link Post,18-65,Not Tested,Annual Sitewide Sale
Ad Variation 157,33176,493.11 ,499,6,Z_FBW1878,F,Accessories Purchasers,Custom Audience,All US,Desktop,Link Post,18-65,Not Tested,Annual Sitewide Sale
Ad Variation 161,8097,298.23 ,174,10,Z_FBW1927,F,Enter Card Info Page,Website Custom Audience,All US,Desktop,Link Post,18-65,Not Tested,Annual Sitewide Sale
Ad Variation 162,30707,"1,270.74 ",738,32,Z_FBW1931,F,Enter Card Info Page,Website Custom Audience,All US,Desktop,Link Post,18-65,Not Tested,Annual Sitewide Sale
Ad Variation 163,487,12.44 ,17,0,Z_PFBM10,M,Enter Card Info Page,Website Custom Audience,All US,Mobile,Link Post,18-65,Not Tested,Annual Sitewide Sale
Ad Variation 164,276,13.00 ,15,0,Z_PFBM12,M,Enter Card Info Page,Website Custom Audience,All US,Desktop,Link Post,18-65,Not Tested,Annual Sitewide Sale
Ad Variation 165,145,8.00 ,8,0,Z_PFBM3,M,Enter Card Info Page,Website Custom Audience,All US,Mobile,Photo Post,18-65,Not Tested,Annual Sitewide Sale
Ad Variation 166,394,14.08 ,19,0,Z_PFBM7,M,Enter Card Info Page,Website Custom Audience,All US,Desktop,Photo Post,18-65,Not Tested,Annual Sitewide Sale
Ad Variation 167,1329,46.30 ,40,0,Z_PFBW106,F,Enter Card Info Page,Website Custom Audience,All US,Desktop,Photo Post,18-65,Not Tested,Annual Sitewide Sale
Ad Variation 168,9488,154.93 ,219,6,Z_PFBW129,F,Enter Card Info Page,Website Custom Audience,All US,Mobile,Link Post,18-65,Not Tested,Annual Sitewide Sale
Ad Variation 169,12770,163.33 ,245,12,Z_PFBW99,F,Enter Card Info Page,Website Custom Audience,All US,Mobile,Photo Post,18-65,Not Tested,Annual Sitewide Sale
Ad Variation 206,2967,78.28 ,112,1,Z_FBM840,M,Men's Page,Website Custom Audience,All US,Desktop,Link Post,18-65,Not Tested,Annual Sitewide Sale
Ad Variation 207,16866,385.58 ,550,3,Z_FBM841,M,Men's Page,Website Custom Audience,All US,Desktop,Link Post,18-65,Not Tested,Annual Sitewide Sale
Ad Variation 208,1166,20.86 ,39,0,Z_PFBM2,M,Men's Page,Website Custom Audience,All US,Mobile,Photo Post,18-65,Not Tested,Annual Sitewide Sale
Ad Variation 209,1186,26.44 ,36,0,Z_PFBM5,M,Men's Page,Website Custom Audience,All US,Desktop,Photo Post,18-65,Not Tested,Annual Sitewide Sale
Ad Variation 210,2846,39.44 ,106,0,Z_PFBM9,M,Men's Page,Website Custom Audience,All US,Mobile,Link Post,18-65,Not Tested,Annual Sitewide Sale
Ad Variation 217,4290,66.86 ,102,1,Z_PFBW110,F,Enter Card Info Page - 1% Lookalike,Lookalike Audience,All US,Desktop,Photo Post,18-65,Not Tested,Annual Sitewide Sale
Ad Variation 218,7573,65.74 ,198,0,Z_PFBW128,F,Enter Card Info Page - 1% Lookalike,Lookalike Audience,All US,Mobile,Link Post,18-65,Not Tested,Annual Sitewide Sale
Ad Variation 219,9914,138.39 ,216,2,Z_PFBW137,F,Enter Card Info Page - 1% Lookalike,Lookalike Audience,All US,Desktop,Link Post,18-65,Not Tested,Annual Sitewide Sale
Ad Variation 220,3505,33.04 ,76,0,Z_PFBW98,F,Enter Card Info Page - 1% Lookalike,Lookalike Audience,All US,Mobile,Photo Post,18-65,Not Tested,Annual Sitewide Sale
Ad Variation 221,10528,139.88 ,222,4,Z_PFBW108,F,Past Sale Purchasers - 1% Lookalike,Lookalike Audience,All US,Desktop,Photo Post,18-65,Not Tested,Annual Sitewide Sale
Ad Variation 222,8814,54.60 ,198,1,Z_PFBW119,F,Past Sale Purchasers - 1% Lookalike,Lookalike Audience,All US,Mobile,Photo Post,18-65,Not Tested,Annual Sitewide Sale
Ad Variation 223,22363,164.07 ,505,0,Z_PFBW127,F,Past Sale Purchasers - 1% Lookalike,Lookalike Audience,All US,Mobile,Link Post,18-65,Not Tested,Annual Sitewide Sale
Ad Variation 224,23095,277.31 ,351,2,Z_PFBW136,F,Past Sale Purchasers - 1% Lookalike,Lookalike Audience,All US,Desktop,Link Post,18-65,Not Tested,Annual Sitewide Sale
Ad Variation 249,7943,63.07 ,168,0,Z_PFBW138,F,Completed Order Page - 1% Lookalike,Lookalike Audience,All US,Mobile,Link Post,18-65,Not Tested,Annual Sitewide Sale
Ad Variation 250,8647,124.61 ,167,0,Z_PFBW139,F,Completed Order Page - 1% Lookalike,Lookalike Audience,All US,Desktop,Link Post,18-65,Not Tested,Annual Sitewide Sale
Ad Variation 251,3227,60.88 ,79,0,Z_PFBW142,F,Completed Order Page - 1% Lookalike,Lookalike Audience,All US,Desktop,Photo Post,18-65,Not Tested,Annual Sitewide Sale
Ad Variation 252,3338,31.67 ,81,0,Z_PFBW143,F,Completed Order Page - 1% Lookalike,Lookalike Audience,All US,Mobile,Photo Post,18-65,Not Tested,Annual Sitewide Sale
Ad Variation 253,10897,83.79 ,272,0,Z_PFBW100,F,Add to Cart Page - 1% Lookalike,Lookalike Audience,All US,Mobile,Photo Post,18-65,Not Tested,Annual Sitewide Sale
Ad Variation 254,14796,219.43 ,361,2,Z_PFBW105,F,Add to Cart Page - 1% Lookalike,Lookalike Audience,All US,Desktop,Photo Post,18-65,Not Tested,Annual Sitewide Sale
Ad Variation 255,35911,299.05 ,975,7,Z_PFBW125,F,Add to Cart Page - 1% Lookalike,Lookalike Audience,All US,Mobile,Link Post,18-65,Not Tested,Annual Sitewide Sale
Ad Variation 256,49955,704.62 ,936,11,Z_PFBW134,F,Add to Cart Page - 1% Lookalike,Lookalike Audience,All US,Desktop,Link Post,18-65,Not Tested,Annual Sitewide Sale
Ad Variation 281,3563,34.53 ,87,2,Z_PFBW112,F,Completed Order Page - 1% Lookalike,Lookalike Audience,All US,Mobile,Photo Post,18-65,Not Tested,Annual Sitewide Sale
Ad Variation 282,3949,66.22 ,88,0,Z_PFBW116,F,Completed Order Page - 1% Lookalike,Lookalike Audience,All US,Desktop,Photo Post,18-65,Not Tested,Annual Sitewide Sale
Ad Variation 283,9062,65.45 ,294,0,Z_PFBW126,F,Completed Order Page - 1% Lookalike,Lookalike Audience,All US,Mobile,Link Post,18-65,Not Tested,Annual Sitewide Sale
Ad Variation 284,8972,137.38 ,186,0,Z_PFBW135,F,Completed Order Page - 1% Lookalike,Lookalike Audience,All US,Desktop,Link Post,18-65,Not Tested,Annual Sitewide Sale
Ad Variation 285,1147,16.43 ,16,1,Z_FBM790,M,Lapsed Purchasers - 1% Lookalike,Lookalike Audience,All US,Desktop,Photo Post,18-65,Not Tested,Annual Sitewide Sale
Ad Variation 286,1882,17.75 ,18,0,Z_FBM804,M,Lapsed Purchasers - 1% Lookalike,Lookalike Audience,All US,Mobile,Photo Post,18-65,Not Tested,Annual Sitewide Sale
Ad Variation 287,1520,21.86 ,17,0,Z_FBM818,M,Lapsed Purchasers - 1% Lookalike,Lookalike Audience,All US,Desktop,Link Post,18-65,Not Tested,Annual Sitewide Sale
Ad Variation 288,1346,12.64 ,17,0,Z_FBM832,M,Lapsed Purchasers - 1% Lookalike,Lookalike Audience,All US,Mobile,Link Post,18-65,Not Tested,Annual Sitewide Sale
Ad Variation 289,11550,81.46 ,217,0,Z_FBW1837,F,Lapsed Purchasers - 1% Lookalike,Lookalike Audience,All US,Mobile,Photo Post,18-65,Not Tested,Annual Sitewide Sale
Ad Variation 290,28844,397.34 ,515,8,Z_FBW1855,F,Lapsed Purchasers - 1% Lookalike,Lookalike Audience,All US,Desktop,Photo Post,18-65,Not Tested,Annual Sitewide Sale
Ad Variation 291,20400,133.57 ,429,1,Z_FBW1861,F,Lapsed Purchasers - 1% Lookalike,Lookalike Audience,All US,Mobile,Link Post,18-65,Not Tested,Annual Sitewide Sale
Ad Variation 292,22808,318.73 ,355,8,Z_FBW1881,F,Lapsed Purchasers - 1% Lookalike,Lookalike Audience,All US,Desktop,Link Post,18-65,Not Tested,Annual Sitewide Sale
Ad Variation 293,1781,22.02 ,30,0,Z_FBM789,M,Lapsed Purchasers,Custom Audience,All US,Desktop,Photo Post,18-65,Not Tested,Annual Sitewide Sale
Ad Variation 294,1989,17.75 ,22,0,Z_FBM803,M,Lapsed Purchasers,Custom Audience,All US,Mobile,Photo Post,18-65,Not Tested,Annual Sitewide Sale
Ad Variation 295,3143,37.65 ,37,1,Z_FBM817,M,Lapsed Purchasers,Custom Audience,All US,Desktop,Link Post,18-65,Not Tested,Annual Sitewide Sale
Ad Variation 296,1505,14.14 ,13,0,Z_FBM831,M,Lapsed Purchasers,Custom Audience,All US,Mobile,Link Post,18-65,Not Tested,Annual Sitewide Sale
Ad Variation 297,17305,85.55 ,333,2,Z_FBW1836,F,Lapsed Purchasers,Custom Audience,All US,Mobile,Photo Post,18-65,Not Tested,Annual Sitewide Sale
Ad Variation 298,32981,329.45 ,613,4,Z_FBW1854,F,Lapsed Purchasers,Custom Audience,All US,Desktop,Photo Post,18-65,Not Tested,Annual Sitewide Sale
Ad Variation 299,26129,140.63 ,545,1,Z_FBW1862,F,Lapsed Purchasers,Custom Audience,All US,Mobile,Link Post,18-65,Not Tested,Annual Sitewide Sale
Ad Variation 300,42102,444.73 ,780,7,Z_FBW1879,F,Lapsed Purchasers,Custom Audience,All US,Desktop,Link Post,18-65,Not Tested,Annual Sitewide Sale
Ad Variation 307,82164,"1,585.99 ",2041,21,Z_FBW1929,F,Accessories Page,Website Custom Audience,All US,Desktop,Link Post,18-65,Not Tested,Annual Sitewide Sale
Ad Variation 308,118776,"1,843.58 ",3867,27,Z_FBW1933,F,Accessories Page,Website Custom Audience,All US,Desktop,Link Post,18-65,Not Tested,Annual Sitewide Sale
Ad Variation 309,11378,217.78 ,273,0,Z_PFBW104,F,Accessories Page,Website Custom Audience,All US,Desktop,Photo Post,18-65,Not Tested,Annual Sitewide Sale
Ad Variation 310,12175,105.93 ,461,6,Z_PFBW118,F,Accessories Page,Website Custom Audience,All US,Mobile,Photo Post,18-65,Not Tested,Annual Sitewide Sale
Ad Variation 311,32218,285.95 ,1487,5,Z_PFBW123,F,Accessories Page,Website Custom Audience,All US,Mobile,Link Post,18-65,Not Tested,Annual Sitewide Sale
Ad Variation 350,5383,94.86 ,67,1,Z_PFBW109,F,Past Sale Purchasers ,Custom Audience,All US,Desktop,Photo Post,18-65,Not Tested,Annual Sitewide Sale
Ad Variation 351,14196,128.61 ,168,3,Z_PFBW111,F,Past Sale Purchasers ,Custom Audience,All US,Mobile,Photo Post,18-65,Not Tested,Annual Sitewide Sale
Ad Variation 352,34495,335.58 ,545,5,Z_PFBW122,F,Past Sale Purchasers ,Custom Audience,All US,Mobile,Link Post,18-65,Not Tested,Annual Sitewide Sale
Ad Variation 353,4906,88.44 ,73,0,Z_PFBW132,F,Past Sale Purchasers ,Custom Audience,All US,Desktop,Link Post,18-65,Not Tested,Annual Sitewide Sale
Ad Variation 378,777,14.67 ,9,0,Z_PFBW101,F,Highest Order Value Purchasers,Custom Audience,All US,Mobile,Photo Post,18-65,Not Tested,Annual Sitewide Sale
Ad Variation 379,215,11.99 ,9,0,Z_PFBW103,F,Highest Order Value Purchasers,Custom Audience,All US,Desktop,Photo Post,18-65,Not Tested,Annual Sitewide Sale
Ad Variation 380,1576,27.53 ,26,2,Z_PFBW121,F,Highest Order Value Purchasers,Custom Audience,All US,Mobile,Link Post,18-65,Not Tested,Annual Sitewide Sale
Ad Variation 381,430,16.81 ,15,0,Z_PFBW131,F,Highest Order Value Purchasers,Custom Audience,All US,Desktop,Link Post,18-65,Not Tested,Annual Sitewide Sale
Ad Variation 382,859,15.86 ,18,0,Z_FBM788,M,Full Price Purchasers,Custom Audience,All US,Desktop,Photo Post,18-65,Not Tested,Annual Sitewide Sale
Ad Variation 383,1134,13.23 ,14,0,Z_FBM802,M,Full Price Purchasers,Custom Audience,All US,Mobile,Photo Post,18-65,Not Tested,Annual Sitewide Sale
Ad Variation 384,1242,20.43 ,25,0,Z_FBM816,M,Full Price Purchasers,Custom Audience,All US,Desktop,Link Post,18-65,Not Tested,Annual Sitewide Sale
Ad Variation 385,1067,11.87 ,27,0,Z_FBM830,M,Full Price Purchasers,Custom Audience,All US,Mobile,Link Post,18-65,Not Tested,Annual Sitewide Sale
Ad Variation 386,11251,82.47 ,204,2,Z_FBW1835,F,Full Price Purchasers,Custom Audience,All US,Mobile,Photo Post,18-65,Not Tested,Annual Sitewide Sale
Ad Variation 387,7179,125.31 ,139,1,Z_FBW1853,F,Full Price Purchasers,Custom Audience,All US,Desktop,Photo Post,18-65,Not Tested,Annual Sitewide Sale
Ad Variation 388,19009,135.72 ,425,3,Z_FBW1870,F,Full Price Purchasers,Custom Audience,All US,Mobile,Link Post,18-65,Not Tested,Annual Sitewide Sale
Ad Variation 389,27879,434.08 ,545,11,Z_FBW1874,F,Full Price Purchasers,Custom Audience,All US,Desktop,Link Post,18-65,Not Tested,Annual Sitewide Sale
Ad Variation 418,111,7.49 ,6,0,Z_FBM787,M,Frequent Purchasers,Custom Audience,All US,Desktop,Photo Post,18-65,Not Tested,Annual Sitewide Sale
Ad Variation 419,677,11.78 ,14,0,Z_FBM801,M,Frequent Purchasers,Custom Audience,All US,Mobile,Photo Post,18-65,Not Tested,Annual Sitewide Sale
Ad Variation 420,609,14.49 ,19,0,Z_FBM815,M,Frequent Purchasers,Custom Audience,All US,Desktop,Link Post,18-65,Not Tested,Annual Sitewide Sale
Ad Variation 421,466,9.88 ,10,0,Z_FBM829,M,Frequent Purchasers,Custom Audience,All US,Mobile,Link Post,18-65,Not Tested,Annual Sitewide Sale
Ad Variation 422,6674,71.89 ,93,0,Z_FBW1834,F,Frequent Purchasers,Custom Audience,All US,Mobile,Photo Post,18-65,Not Tested,Annual Sitewide Sale
Ad Variation 423,3292,80.61 ,48,3,Z_FBW1848,F,Frequent Purchasers,Custom Audience,All US,Desktop,Photo Post,18-65,Not Tested,Annual Sitewide Sale
Ad Variation 424,20043,203.66 ,405,4,Z_FBW1871,F,Frequent Purchasers,Custom Audience,All US,Mobile,Link Post,18-65,Not Tested,Annual Sitewide Sale
Ad Variation 425,4647,111.87 ,83,1,Z_FBW1877,F,Frequent Purchasers,Custom Audience,All US,Desktop,Link Post,18-65,Not Tested,Annual Sitewide Sale
Ad Variation 444,21744,920.69 ,507,37,Z_FBW1928,F,Add to Cart Page,Website Custom Audience,All US,Desktop,Link Post,18-65,Not Tested,Annual Sitewide Sale
Ad Variation 445,35501,"1,652.98 ",900,58,Z_FBW1932,F,Add to Cart Page,Website Custom Audience,All US,Desktop,Link Post,18-65,Not Tested,Annual Sitewide Sale
Ad Variation 446,541,20.68 ,21,1,Z_PFBM11,M,Add to Cart Page,Website Custom Audience,All US,Desktop,Link Post,18-65,Not Tested,Annual Sitewide Sale
Ad Variation 447,230,8.59 ,12,0,Z_PFBM4,M,Add to Cart Page,Website Custom Audience,All US,Mobile,Photo Post,18-65,Not Tested,Annual Sitewide Sale
Ad Variation 448,204,9.69 ,7,0,Z_PFBM6,M,Add to Cart Page,Website Custom Audience,All US,Desktop,Photo Post,18-65,Not Tested,Annual Sitewide Sale
Ad Variation 449,753,16.09 ,28,0,Z_PFBM8,M,Add to Cart Page,Website Custom Audience,All US,Mobile,Link Post,18-65,Not Tested,Annual Sitewide Sale
Ad Variation 450,542,26.23 ,15,0,Z_PFBW107,F,Add to Cart Page,Website Custom Audience,All US,Desktop,Photo Post,18-65,Not Tested,Annual Sitewide Sale
Ad Variation 451,18489,273.94 ,396,27,Z_PFBW114,F,Add to Cart Page,Website Custom Audience,All US,Mobile,Photo Post,18-65,Not Tested,Annual Sitewide Sale
Ad Variation 452,23774,378.45 ,673,11,Z_PFBW120,F,Add to Cart Page,Website Custom Audience,All US,Mobile,Link Post,18-65,Not Tested,Annual Sitewide Sale
Ad Variation 476,6665,62.56 ,138,3,Z_FBM786,M,Brand Fans,Fans,All US,Desktop,Photo Post,18-65,Not Tested,Annual Sitewide Sale
Ad Variation 477,3527,22.67 ,59,0,Z_FBM800,M,Brand Fans,Fans,All US,Mobile,Photo Post,18-65,Not Tested,Annual Sitewide Sale
Ad Variation 478,8332,72.50 ,162,1,Z_FBM814,M,Brand Fans,Fans,All US,Desktop,Link Post,18-65,Not Tested,Annual Sitewide Sale
Ad Variation 479,5000,22.35 ,118,0,Z_FBM828,M,Brand Fans,Fans,All US,Mobile,Link Post,18-65,Not Tested,Annual Sitewide Sale
Ad Variation 480,63082,179.31 ,1413,7,Z_FBW1833,F,Brand Fans,Fans,All US,Mobile,Photo Post,18-65,Not Tested,Annual Sitewide Sale
Ad Variation 481,104460,890.16 ,2506,14,Z_FBW1847,F,Brand Fans,Fans,All US,Desktop,Photo Post,18-65,Not Tested,Annual Sitewide Sale
Ad Variation 482,87769,303.12 ,2244,8,Z_FBW1866,F,Brand Fans,Fans,All US,Mobile,Link Post,18-65,Not Tested,Annual Sitewide Sale
Ad Variation 483,197472,"1,573.95 ",3779,21,Z_FBW1873,F,Brand Fans,Fans,All US,Desktop,Link Post,18-65,Not Tested,Annual Sitewide Sale
Ad Variation 484,33,6.32 ,7,0,Z_FBM785,M,Highest Order Value Purchasers,Custom Audience,All US,Desktop,Photo Post,18-65,Not Tested,Annual Sitewide Sale
Ad Variation 485,540,11.26 ,20,0,Z_FBM799,M,Highest Order Value Purchasers,Custom Audience,All US,Mobile,Photo Post,18-65,Not Tested,Annual Sitewide Sale
Ad Variation 486,142,8.18 ,11,0,Z_FBM813,M,Highest Order Value Purchasers,Custom Audience,All US,Desktop,Link Post,18-65,Not Tested,Annual Sitewide Sale
Ad Variation 487,453,10.10 ,18,0,Z_FBM827,M,Highest Order Value Purchasers,Custom Audience,All US,Mobile,Link Post,18-65,Not Tested,Annual Sitewide Sale
Ad Variation 488,6101,72.10 ,69,2,Z_FBW1832,F,Highest Order Value Purchasers,Custom Audience,All US,Mobile,Photo Post,18-65,Not Tested,Annual Sitewide Sale
Ad Variation 489,4949,162.17 ,105,4,Z_FBW1846,F,Highest Order Value Purchasers,Custom Audience,All US,Desktop,Photo Post,18-65,Not Tested,Annual Sitewide Sale
Ad Variation 490,16800,185.28 ,359,5,Z_FBW1868,F,Highest Order Value Purchasers,Custom Audience,All US,Mobile,Link Post,18-65,Not Tested,Annual Sitewide Sale
Ad Variation 491,1180,30.05 ,27,0,Z_FBW1875,F,Highest Order Value Purchasers,Custom Audience,All US,Desktop,Link Post,18-65,Not Tested,Annual Sitewide Sale
Ad Variation 492,837,19.05 ,26,0,Z_FBM784,M,Loyalty Card Holders,Custom Audience,All US,Desktop,Photo Post,18-65,Not Tested,Annual Sitewide Sale
Ad Variation 493,673,12.20 ,17,0,Z_FBM798,M,Loyalty Card Holders,Custom Audience,All US,Mobile,Photo Post,18-65,Not Tested,Annual Sitewide Sale
Ad Variation 494,340,10.77 ,12,0,Z_FBM812,M,Loyalty Card Holders,Custom Audience,All US,Desktop,Link Post,18-65,Not Tested,Annual Sitewide Sale
Ad Variation 495,860,13.45 ,17,0,Z_FBM826,M,Loyalty Card Holders,Custom Audience,All US,Mobile,Link Post,18-65,Not Tested,Annual Sitewide Sale
Ad Variation 496,13736,137.84 ,173,2,Z_FBW1831,F,Loyalty Card Holders,Custom Audience,All US,Mobile,Photo Post,18-65,Not Tested,Annual Sitewide Sale
Ad Variation 497,2224,52.28 ,38,0,Z_FBW1845,F,Loyalty Card Holders,Custom Audience,All US,Desktop,Photo Post,18-65,Not Tested,Annual Sitewide Sale
Ad Variation 498,1002,16.11 ,32,1,Z_FBW1869,F,Loyalty Card Holders,Custom Audience,All US,Mobile,Link Post,18-65,Not Tested,Annual Sitewide Sale
Ad Variation 499,30165,671.69 ,542,18,Z_FBW1876,F,Loyalty Card Holders,Custom Audience,All US,Desktop,Link Post,18-65,Not Tested,Annual Sitewide Sale
Ad Variation 551,8455,51.75 ,210,0,Z_PFBW140,F,Outlet Purchasers,Custom Audience,All US,Mobile,Link Post,18-65,Not Tested,Annual Sitewide Sale
Ad Variation 552,9939,105.18 ,231,0,Z_PFBW141,F,Outlet Purchasers,Custom Audience,All US,Desktop,Link Post,18-65,Not Tested,Annual Sitewide Sale
Ad Variation 553,3760,50.57 ,99,0,Z_PFBW144,F,Outlet Purchasers,Custom Audience,All US,Desktop,Photo Post,18-65,Not Tested,Annual Sitewide Sale
Ad Variation 554,8850,70.06 ,170,0,Z_PFBW145,F,Outlet Purchasers,Custom Audience,All US,Mobile,Photo Post,18-65,Not Tested,Annual Sitewide Sale
Ad Variation 514,552422,"2,905.11 ",1924,0,Z_FBW1924,F,Artist Interest,Interest,LosAngeles+50mi,Desktop+Mobile,Link Post,18-65,Not Tested,Concert Series Campaign
Ad Variation 515,55674,216.47 ,264,0,Z_FBW1923,F,Artist Interest,Interest,ElPasoTX+50mi,Desktop+Mobile,Link Post,18-65,Not Tested,Concert Series Campaign
Ad Variation 516,74349,344.25 ,253,0,Z_FBW1922,F,Artist Interest,Interest,AustinTX+50mi,Desktop+Mobile,Link Post,18-65,Not Tested,Concert Series Campaign
Ad Variation 517,210236,953.34 ,694,0,Z_FBW1921,F,Artist Interest,Interest,DallasTX+50mi,Desktop+Mobile,Link Post,18-65,Not Tested,Concert Series Campaign
Ad Variation 518,32292,152.57 ,115,0,Z_FBW1920,F,Artist Interest,Interest,NewOrleansLA+50mi,Desktop+Mobile,Link Post,18-65,Not Tested,Concert Series Campaign
Ad Variation 519,26739,122.09 ,95,0,Z_FBW1919,F,Artist Interest,Interest,TulsaOK+50mi,Desktop+Mobile,Link Post,18-65,Not Tested,Concert Series Campaign
Ad Variation 520,28146,132.57 ,99,0,Z_FBW1918,F,Artist Interest,Interest,WichitaKS+50mi,Desktop+Mobile,Link Post,18-65,Not Tested,Concert Series Campaign
Ad Variation 521,85562,404.01 ,273,0,Z_FBW1917,F,Artist Interest,Interest,StLouisMO+50mi,Desktop+Mobile,Link Post,18-65,Not Tested,Concert Series Campaign
Ad Variation 522,326574,"1,375.13 ",1103,0,Z_FBW1916,F,Artist Interest,Interest,ChicagoIL+50mi,Desktop+Mobile,Link Post,18-65,Not Tested,Concert Series Campaign
Ad Variation 523,40924,172.41 ,158,0,Z_FBW1915,F,Artist Interest,Interest,GrandRapidsWI+50mi,Desktop+Mobile,Link Post,18-65,Not Tested,Concert Series Campaign
Ad Variation 524,527229,"2,705.93 ",1831,0,Z_FBW1914,F,Artist Interest,Interest,WantaghNY+50mi,Desktop+Mobile,Link Post,18-65,Not Tested,Concert Series Campaign
Ad Variation 525,554444,"2,897.48 ",2109,0,Z_FBW1913,F,Artist Interest,Interest,BrooklynNY+50mi,Desktop+Mobile,Link Post,18-65,Not Tested,Concert Series Campaign
Ad Variation 526,43286,207.05 ,157,0,Z_FBW1912,F,Artist Interest,Interest,RaleighNC+50mi,Desktop+Mobile,Link Post,18-65,Not Tested,Concert Series Campaign
Ad Variation 527,41608,195.89 ,129,0,Z_FBW1911,F,Artist Interest,Interest,NashvilleTN+50mi,Desktop+Mobile,Link Post,18-65,Not Tested,Concert Series Campaign
Ad Variation 528,26085,111.55 ,96,0,Z_FBW1910,F,Artist Interest,Interest,BirminghamAL+50mi,Desktop+Mobile,Link Post,18-65,Not Tested,Concert Series Campaign
Ad Variation 529,190276,899.33 ,644,0,Z_FBW1909,F,Artist Interest,Interest,HoustonTX+50mi,Desktop+Mobile,Link Post,18-65,Not Tested,Concert Series Campaign
Ad Variation 530,518673,"2,910.44 ",1809,0,Z_FBW1908,F,Artist Interest,Interest,LosAngeles+50mi,Desktop+Mobile,Link Post,18-65,Not Tested,Concert Series Campaign
Ad Variation 531,141401,691.13 ,545,0,Z_FBW1907,F,Artist Interest,Interest,ChulaVistaCA+50mi,Desktop+Mobile,Link Post,18-65,Not Tested,Concert Series Campaign
Ad Variation 532,202099,"1,008.37 ",773,0,Z_FBW1906,F,Artist Interest,Interest,MountainViewCA+50mi,Desktop+Mobile,Link Post,18-65,Not Tested,Concert Series Campaign
Ad Variation 533,111106,536.31 ,398,0,Z_FBW1905,F,Artist Interest,Interest,SacrementoCA+50mi,Desktop+Mobile,Link Post,18-65,Not Tested,Concert Series Campaign
Ad Variation 534,74860,337.41 ,265,0,Z_FBW1904,F,Artist Interest,Interest,PortlandOR+50mi,Desktop+Mobile,Link Post,18-65,Not Tested,Concert Series Campaign
Ad Variation 535,20782,89.78 ,84,0,Z_FBW1903,F,Artist Interest,Interest,BoiseID+50mi,Desktop+Mobile,Link Post,18-65,Not Tested,Concert Series Campaign
Ad Variation 536,64387,204.10 ,243,0,Z_FBW1902,F,Artist Interest,Interest,FesnoCA+50mi,Desktop+Mobile,Link Post,18-65,Not Tested,Concert Series Campaign
Ad Variation 537,86834,311.33 ,304,0,Z_FBW1901,F,Artist Interest,Interest,LasVegasNV+50mi,Desktop+Mobile,Link Post,18-65,Not Tested,Concert Series Campaign
Ad Variation 538,60099,218.07 ,299,0,Z_FBW1900,F,Artist Interest,Interest,Toronto+50mi,Desktop+Mobile,Link Post,18-65,Not Tested,Concert Series Campaign
Ad Variation 539,23206,80.46 ,107,0,Z_FBW1899,F,Artist Interest,Interest,Ottawa+50mi,Desktop+Mobile,Link Post,18-65,Not Tested,Concert Series Campaign
Ad Variation 540,104047,317.02 ,386,0,Z_FBW1898,F,Artist Interest,Interest,Montreal+50mi,Desktop+Mobile,Link Post,18-65,Not Tested,Concert Series Campaign
Ad Variation 541,87966,312.92 ,299,0,Z_FBW1897,F,Artist Interest,Interest,ManchesterNH+50mi,Desktop+Mobile,Link Post,18-65,Not Tested,Concert Series Campaign
Ad Variation 542,66737,237.70 ,227,0,Z_FBW1896,F,Artist Interest,Interest,UncasvilleCT+50mi,Desktop+Mobile,Link Post,18-65,Not Tested,Concert Series Campaign
Ad Variation 543,40835,137.13 ,117,0,Z_FBW1895,F,Artist Interest,Interest,AlbanyNY+50mi,Desktop+Mobile,Link Post,18-65,Not Tested,Concert Series Campaign
Ad Variation 544,226757,790.37 ,783,0,Z_FBW1894,F,Artist Interest,Interest,PhiladelphiaPA+50mi,Desktop+Mobile,Link Post,18-65,Not Tested,Concert Series Campaign
Ad Variation 545,51439,171.19 ,171,0,Z_FBW1893,F,Artist Interest,Interest,HersheyPA+50mi,Desktop+Mobile,Link Post,18-65,Not Tested,Concert Series Campaign
Ad Variation 546,162352,617.78 ,503,0,Z_FBW1892,F,Artist Interest,Interest,WashingtonDC+50mi,Desktop+Mobile,Link Post,18-65,Not Tested,Concert Series Campaign
Ad Variation 547,42096,145.33 ,136,0,Z_FBW1891,F,Artist Interest,Interest,LouisvilleKY+50mi,Desktop+Mobile,Link Post,18-65,Not Tested,Concert Series Campaign
Ad Variation 548,66568,224.76 ,242,0,Z_FBW1890,F,Artist Interest,Interest,CharlotteNC+50mi,Desktop+Mobile,Link Post,18-65,Not Tested,Concert Series Campaign
Ad Variation 549,152838,572.49 ,584,0,Z_FBW1889,F,Artist Interest,Interest,Fort LauderdaleFL+50mi,Desktop+Mobile,Link Post,18-65,Not Tested,Concert Series Campaign
Ad Variation 550,104121,360.12 ,350,0,Z_FBW1888,F,Artist Interest,Interest,TampaFL+50mi,Desktop+Mobile,Link Post,18-65,Not Tested,Concert Series Campaign
Ad Variation 30,79191,839.33 ,773,0,Z_FBW2003,F,All Site Traffic - 1% Lookailke,Lookalike Audience,All US,Mobile,Link Post,18-65,Not Tested,Father's Day Campaign
Ad Variation 31,84091,839.10 ,919,0,Z_FBW2002,F,All Site Traffic - 1% Lookailke,Lookalike Audience,All US,Mobile,Link Post,18-65,Not Tested,Father's Day Campaign
Ad Variation 32,106302,839.06 ,2690,2,Z_FBW2001,F,All Site Traffic - 1% Lookailke,Lookalike Audience,All US,Mobile,Link Post,18-65,Not Tested,Father's Day Campaign
Ad Variation 33,70789,839.16 ,663,1,Z_FBW2000,F,All Site Traffic - 1% Lookailke,Lookalike Audience,All US,Mobile,Link Post,18-65,Not Tested,Father's Day Campaign
Ad Variation 34,96174,839.33 ,1147,1,Z_FBW1999,F,All Site Traffic - 1% Lookailke,Lookalike Audience,All US,Mobile,Link Post,18-65,Not Tested,Father's Day Campaign
Ad Variation 35,78202,839.03 ,1030,1,Z_FBW1998,F,All Site Traffic - 1% Lookailke,Lookalike Audience,All US,Mobile,Link Post,18-65,Not Tested,Father's Day Campaign
Ad Variation 36,17141,214.33 ,74,0,Z_FBW1997,F,All Site Traffic - 1% Lookailke,Lookalike Audience,All US,Desktop,Link Post,18-65,Not Tested,Father's Day Campaign
Ad Variation 37,17777,214.33 ,97,0,Z_FBW1996,F,All Site Traffic - 1% Lookailke,Lookalike Audience,All US,Desktop,Link Post,18-65,Not Tested,Father's Day Campaign
Ad Variation 38,17796,214.33 ,146,0,Z_FBW1995,F,All Site Traffic - 1% Lookailke,Lookalike Audience,All US,Desktop,Link Post,18-65,Not Tested,Father's Day Campaign
Ad Variation 39,16735,214.33 ,81,1,Z_FBW1994,F,All Site Traffic - 1% Lookailke,Lookalike Audience,All US,Desktop,Link Post,18-65,Not Tested,Father's Day Campaign
Ad Variation 40,17922,214.33 ,138,0,Z_FBW1993,F,All Site Traffic - 1% Lookailke,Lookalike Audience,All US,Desktop,Link Post,18-65,Not Tested,Father's Day Campaign
Ad Variation 41,17511,214.33 ,89,0,Z_FBW1992,F,All Site Traffic - 1% Lookailke,Lookalike Audience,All US,Desktop,Link Post,18-65,Not Tested,Father's Day Campaign
Ad Variation 90,141825,839.33 ,471,1,Z_FBW2027,F,Competitor Interests,Interest,All US,Mobile,Link Post,25-45,Not Tested,Father's Day Campaign
Ad Variation 91,140053,839.33 ,470,0,Z_FBW2026,F,Competitor Interests,Interest,All US,Mobile,Link Post,25-45,Not Tested,Father's Day Campaign
Ad Variation 92,108611,839.33 ,618,0,Z_FBW2025,F,Competitor Interests,Interest,All US,Mobile,Link Post,25-45,Not Tested,Father's Day Campaign
Ad Variation 93,132900,839.33 ,392,0,Z_FBW2024,F,Competitor Interests,Interest,All US,Mobile,Link Post,25-45,Not Tested,Father's Day Campaign
Ad Variation 94,124426,839.33 ,553,1,Z_FBW2023,F,Competitor Interests,Interest,All US,Mobile,Link Post,25-45,Not Tested,Father's Day Campaign
Ad Variation 95,114788,839.33 ,494,1,Z_FBW2022,F,Competitor Interests,Interest,All US,Mobile,Link Post,25-45,Not Tested,Father's Day Campaign
Ad Variation 96,27479,214.33 ,56,0,Z_FBW2021,F,Competitor Interests,Interest,All US,Desktop,Link Post,25-45,Not Tested,Father's Day Campaign
Ad Variation 97,29327,214.33 ,67,0,Z_FBW2020,F,Competitor Interests,Interest,All US,Desktop,Link Post,25-45,Not Tested,Father's Day Campaign
Ad Variation 98,27901,214.33 ,70,1,Z_FBW2019,F,Competitor Interests,Interest,All US,Desktop,Link Post,25-45,Not Tested,Father's Day Campaign
Ad Variation 99,26457,214.33 ,60,0,Z_FBW2018,F,Competitor Interests,Interest,All US,Desktop,Link Post,25-45,Not Tested,Father's Day Campaign
Ad Variation 100,24880,214.33 ,61,0,Z_FBW2017,F,Competitor Interests,Interest,All US,Desktop,Link Post,25-45,Not Tested,Father's Day Campaign
Ad Variation 101,28870,214.33 ,55,0,Z_FBW2016,F,Competitor Interests,Interest,All US,Desktop,Link Post,25-45,Not Tested,Father's Day Campaign
Ad Variation 194,109588,838.94 ,961,0,Z_FBW2015,F,Parents,Life Stage,All US,Mobile,Link Post,18-65,Not Tested,Father's Day Campaign
Ad Variation 195,102698,839.05 ,863,0,Z_FBW2014,F,Parents,Life Stage,All US,Mobile,Link Post,18-65,Not Tested,Father's Day Campaign
Ad Variation 196,141493,838.96 ,1962,2,Z_FBW2013,F,Parents,Life Stage,All US,Mobile,Link Post,18-65,Not Tested,Father's Day Campaign
Ad Variation 197,89397,838.98 ,720,0,Z_FBW2012,F,Parents,Life Stage,All US,Mobile,Link Post,18-65,Not Tested,Father's Day Campaign
Ad Variation 198,130289,839.03 ,1175,3,Z_FBW2011,F,Parents,Life Stage,All US,Mobile,Link Post,18-65,Not Tested,Father's Day Campaign
Ad Variation 199,101084,839.33 ,949,0,Z_FBW2010,F,Parents,Life Stage,All US,Mobile,Link Post,18-65,Not Tested,Father's Day Campaign
Ad Variation 200,22345,214.33 ,66,0,Z_FBW2009,F,Parents,Life Stage,All US,Desktop,Link Post,18-65,Not Tested,Father's Day Campaign
Ad Variation 201,21242,214.28 ,53,0,Z_FBW2008,F,Parents,Life Stage,All US,Desktop,Link Post,18-65,Not Tested,Father's Day Campaign
Ad Variation 202,25733,214.33 ,124,0,Z_FBW2007,F,Parents,Life Stage,All US,Desktop,Link Post,18-65,Not Tested,Father's Day Campaign
Ad Variation 203,21880,214.33 ,50,0,Z_FBW2006,F,Parents,Life Stage,All US,Desktop,Link Post,18-65,Not Tested,Father's Day Campaign
Ad Variation 204,25015,214.33 ,77,0,Z_FBW2005,F,Parents,Life Stage,All US,Desktop,Link Post,18-65,Not Tested,Father's Day Campaign
Ad Variation 205,23051,214.33 ,68,0,Z_FBW2004,F,Parents,Life Stage,All US,Desktop,Link Post,18-65,Not Tested,Father's Day Campaign
Ad Variation 432,118458,839.16 ,661,0,Z_FBW2039,F,Competitor Interests,Interest,All US,Mobile,Link Post,25-45,Not Tested,Father's Day Campaign
Ad Variation 433,97600,839.07 ,537,0,Z_FBW2038,F,Competitor Interests,Interest,All US,Mobile,Link Post,25-45,Not Tested,Father's Day Campaign
Ad Variation 434,117733,839.33 ,868,0,Z_FBW2037,F,Competitor Interests,Interest,All US,Mobile,Link Post,25-45,Not Tested,Father's Day Campaign
Ad Variation 435,90960,839.33 ,372,1,Z_FBW2036,F,Competitor Interests,Interest,All US,Mobile,Link Post,25-45,Not Tested,Father's Day Campaign
Ad Variation 436,101290,839.33 ,623,0,Z_FBW2035,F,Competitor Interests,Interest,All US,Mobile,Link Post,25-45,Not Tested,Father's Day Campaign
Ad Variation 437,96240,839.18 ,655,0,Z_FBW2034,F,Competitor Interests,Interest,All US,Mobile,Link Post,25-45,Not Tested,Father's Day Campaign
Ad Variation 438,20144,214.33 ,61,0,Z_FBW2033,F,Competitor Interests,Interest,All US,Desktop,Link Post,25-45,Not Tested,Father's Day Campaign
Ad Variation 439,20015,214.28 ,63,0,Z_FBW2032,F,Competitor Interests,Interest,All US,Desktop,Link Post,25-45,Not Tested,Father's Day Campaign
Ad Variation 440,22150,214.33 ,79,0,Z_FBW2031,F,Competitor Interests,Interest,All US,Desktop,Link Post,25-45,Not Tested,Father's Day Campaign
Ad Variation 441,22747,214.33 ,44,0,Z_FBW2030,F,Competitor Interests,Interest,All US,Desktop,Link Post,25-45,Not Tested,Father's Day Campaign
Ad Variation 442,22301,214.33 ,71,0,Z_FBW2029,F,Competitor Interests,Interest,All US,Desktop,Link Post,25-45,Not Tested,Father's Day Campaign
Ad Variation 443,20516,214.33 ,90,1,Z_FBW2028,F,Competitor Interests,Interest,All US,Desktop,Link Post,25-45,Not Tested,Father's Day Campaign
Ad Variation 158,151044,366.49 ,1389,17,Z_PFBW97,F,Limited Edition Page - 10% Lookalike,Lookalike Audience,All US,Mobile,Photo Post,18-65,Not Tested,Limited Edition Traffic Driving Campaign
Ad Variation 159,129639,887.19 ,1291,20,Z_PFBW72,F,Limited Edition Page - 10% Lookalike,Lookalike Audience,All US,Desktop,Photo Post,18-65,Not Tested,Limited Edition Traffic Driving Campaign
Ad Variation 160,132,6.87 ,8,0,Z_PFBW49,F,Limited Edition Page - 10% Lookalike,Lookalike Audience,All US,Mobile,Link Post,18-65,Not Tested,Limited Edition Traffic Driving Campaign
Ad Variation 211,208767,"1,206.01 ",2038,17,Z_PFBW87,F,Luxury Apparel Shoppers,Behavior,All US,Mobile,Photo Post,25-45,Not Tested,Limited Edition Traffic Driving Campaign
Ad Variation 212,3024,43.92 ,38,0,Z_PFBW64,F,Luxury Apparel Shoppers,Behavior,All US,Desktop,Photo Post,25-45,Not Tested,Limited Edition Traffic Driving Campaign
Ad Variation 213,52027,490.32 ,405,8,Z_PFBW64,F,Luxury Apparel Shoppers,Behavior,All US,Desktop,Photo Post,25-45,Not Tested,Limited Edition Traffic Driving Campaign
Ad Variation 214,14500,95.87 ,75,2,Z_PFBW43,F,Luxury Apparel Shoppers,Behavior,All US,Mobile,Link Post,25-45,Not Tested,Limited Edition Traffic Driving Campaign
Ad Variation 215,219347,"1,202.98 ",1831,34,Z_PFBW43,F,Luxury Apparel Shoppers,Behavior,All US,Mobile,Link Post,25-45,Not Tested,Limited Edition Traffic Driving Campaign
Ad Variation 216,51674,512.53 ,346,3,Z_PFBW18,F,Luxury Apparel Shoppers,Behavior,All US,Desktop,Link Post,25-45,Not Tested,Limited Edition Traffic Driving Campaign
Ad Variation 301,16919,103.36 ,53,0,Z_PFBW79,F,High End Products Interest,Interest,All US,Mobile,Photo Post,25-45,Not Tested,Limited Edition Traffic Driving Campaign
Ad Variation 302,162005,500.50 ,1937,17,Z_PFBW79,F,High End Products Interest,Interest,All US,Mobile,Photo Post,25-45,Not Tested,Limited Edition Traffic Driving Campaign
Ad Variation 303,3489,43.03 ,31,1,Z_PFBW55,F,High End Products Interest,Interest,All US,Desktop,Photo Post,25-45,Not Tested,Limited Edition Traffic Driving Campaign
Ad Variation 304,138880,"1,191.45 ",1311,13,Z_PFBW55,F,High End Products Interest,Interest,All US,Desktop,Photo Post,25-45,Not Tested,Limited Edition Traffic Driving Campaign
Ad Variation 305,62914,515.20 ,539,1,Z_PFBW5,F,High End Products Interest,Interest,All US,Desktop,Link Post,25-45,Not Tested,Limited Edition Traffic Driving Campaign
Ad Variation 306,243853,"1,208.85 ",2858,6,Z_PFBW31,F,High End Products Interest,Interest,All US,Mobile,Link Post,25-45,Not Tested,Limited Edition Traffic Driving Campaign
Ad Variation 426,14773,105.33 ,32,0,Z_PFBW81,F,Competitor Interests,Interest,All US,Mobile,Photo Post,25-45,Not Tested,Limited Edition Traffic Driving Campaign
Ad Variation 427,309297,"1,208.99 ",1899,10,Z_PFBW81,F,Competitor Interests,Interest,All US,Mobile,Photo Post,25-45,Not Tested,Limited Edition Traffic Driving Campaign
Ad Variation 428,52910,492.53 ,222,1,Z_PFBW61,F,Competitor Interests,Interest,All US,Desktop,Photo Post,25-45,Not Tested,Limited Edition Traffic Driving Campaign
Ad Variation 429,3408,45.60 ,16,0,Z_PFBW61,F,Competitor Interests,Interest,All US,Desktop,Photo Post,25-45,Not Tested,Limited Edition Traffic Driving Campaign
Ad Variation 430,240809,"1,206.75 ",2615,6,Z_PFBW35,F,Competitor Interests,Interest,All US,Mobile,Link Post,25-45,Not Tested,Limited Edition Traffic Driving Campaign
Ad Variation 431,59806,517.31 ,356,0,Z_PFBW13,F,Competitor Interests,Interest,All US,Desktop,Link Post,25-45,Not Tested,Limited Edition Traffic Driving Campaign
Ad Variation 336,104644,487.02 ,3128,0,Z_FBW1990,F,Accessories Page - 10% Lookalike,Lookalike Audience,All US,Mobile,Multi-Product Ad,18-65,Not Tested,Traffic Driving Campaign
Ad Variation 337,11494,128.95 ,134,0,Z_FBW1986,F,Accessories Page - 10% Lookalike,Lookalike Audience,All US,Desktop,Multi-Product Ad,18-65,Not Tested,Traffic Driving Campaign
Ad Variation 338,73690,488.70 ,2371,0,Z_FBW1982,F,Accessories Page - 10% Lookalike,Lookalike Audience,All US,Mobile,Multi-Product Ad,18-65,Not Tested,Traffic Driving Campaign
Ad Variation 339,13374,129.45 ,143,0,Z_FBW1978,F,Accessories Page - 10% Lookalike,Lookalike Audience,All US,Desktop,Multi-Product Ad,18-65,Not Tested,Traffic Driving Campaign
Ad Variation 340,112520,488.31 ,190,0,Z_FBW1974,F,Accessories Page - 10% Lookalike,Lookalike Audience,All US,Mobile,Photo Post,18-65,Not Tested,Traffic Driving Campaign
Ad Variation 341,13703,128.70 ,63,0,Z_FBW1970,F,Accessories Page - 10% Lookalike,Lookalike Audience,All US,Desktop,Photo Post,18-65,Not Tested,Traffic Driving Campaign
Ad Variation 342,97266,487.02 ,290,0,Z_FBW1966,F,Accessories Page - 10% Lookalike,Lookalike Audience,All US,Mobile,Photo Post,18-65,Not Tested,Traffic Driving Campaign
Ad Variation 343,16305,129.59 ,79,0,Z_FBW1962,F,Accessories Page - 10% Lookalike,Lookalike Audience,All US,Desktop,Photo Post,18-65,Not Tested,Traffic Driving Campaign
Ad Variation 344,53799,483.83 ,782,1,Z_FBW1958,F,Accessories Page - 10% Lookalike,Lookalike Audience,All US,Mobile,Link Post,18-65,Not Tested,Traffic Driving Campaign
Ad Variation 345,10567,127.42 ,66,0,Z_FBW1954,F,Accessories Page - 10% Lookalike,Lookalike Audience,All US,Desktop,Link Post,18-65,Not Tested,Traffic Driving Campaign
Ad Variation 346,62125,493.99 ,860,0,Z_FBW1950,F,Accessories Page - 10% Lookalike,Lookalike Audience,All US,Mobile,Link Post,18-65,Not Tested,Traffic Driving Campaign
Ad Variation 347,14208,128.73 ,93,0,Z_FBW1946,F,Accessories Page - 10% Lookalike,Lookalike Audience,All US,Desktop,Link Post,18-65,Not Tested,Traffic Driving Campaign
Ad Variation 348,74412,490.17 ,983,0,Z_FBW1942,F,Accessories Page - 10% Lookalike,Lookalike Audience,All US,Mobile,Link Post,18-65,Not Tested,Traffic Driving Campaign
Ad Variation 349,13581,129.12 ,95,1,Z_FBW1938,F,Accessories Page - 10% Lookalike,Lookalike Audience,All US,Desktop,Link Post,18-65,Not Tested,Traffic Driving Campaign
Ad Variation 390,81343,486.45 ,3336,0,Z_FBW1991,F,All Site Traffic - 10% Lookalike,Lookalike Audience,All US,Mobile,Multi-Product Ad,18-65,Not Tested,Traffic Driving Campaign
Ad Variation 391,11964,128.47 ,115,0,Z_FBW1987,F,All Site Traffic - 10% Lookalike,Lookalike Audience,All US,Desktop,Multi-Product Ad,18-65,Not Tested,Traffic Driving Campaign
Ad Variation 392,74152,486.61 ,2558,0,Z_FBW1983,F,All Site Traffic - 10% Lookalike,Lookalike Audience,All US,Mobile,Multi-Product Ad,18-65,Not Tested,Traffic Driving Campaign
Ad Variation 393,9080,128.46 ,103,0,Z_FBW1979,F,All Site Traffic - 10% Lookalike,Lookalike Audience,All US,Desktop,Multi-Product Ad,18-65,Not Tested,Traffic Driving Campaign
Ad Variation 394,101456,491.30 ,277,0,Z_FBW1975,F,All Site Traffic - 10% Lookalike,Lookalike Audience,All US,Mobile,Photo Post,18-65,Not Tested,Traffic Driving Campaign
Ad Variation 395,13054,130.10 ,76,0,Z_FBW1971,F,All Site Traffic - 10% Lookalike,Lookalike Audience,All US,Desktop,Photo Post,18-65,Not Tested,Traffic Driving Campaign
Ad Variation 396,86557,488.34 ,484,0,Z_FBW1967,F,All Site Traffic - 10% Lookalike,Lookalike Audience,All US,Mobile,Photo Post,18-65,Not Tested,Traffic Driving Campaign
Ad Variation 397,12075,128.61 ,79,0,Z_FBW1963,F,All Site Traffic - 10% Lookalike,Lookalike Audience,All US,Desktop,Photo Post,18-65,Not Tested,Traffic Driving Campaign
Ad Variation 398,55069,483.06 ,927,0,Z_FBW1959,F,All Site Traffic - 10% Lookalike,Lookalike Audience,All US,Mobile,Link Post,18-65,Not Tested,Traffic Driving Campaign
Ad Variation 399,11126,131.10 ,50,0,Z_FBW1955,F,All Site Traffic - 10% Lookalike,Lookalike Audience,All US,Desktop,Link Post,18-65,Not Tested,Traffic Driving Campaign
Ad Variation 400,66654,484.54 ,1191,1,Z_FBW1951,F,All Site Traffic - 10% Lookalike,Lookalike Audience,All US,Mobile,Link Post,18-65,Not Tested,Traffic Driving Campaign
Ad Variation 401,12196,128.70 ,95,0,Z_FBW1947,F,All Site Traffic - 10% Lookalike,Lookalike Audience,All US,Desktop,Link Post,18-65,Not Tested,Traffic Driving Campaign
Ad Variation 402,68200,487.99 ,1186,0,Z_FBW1943,F,All Site Traffic - 10% Lookalike,Lookalike Audience,All US,Mobile,Link Post,18-65,Not Tested,Traffic Driving Campaign
Ad Variation 403,12880,127.27 ,119,1,Z_FBW1939,F,All Site Traffic - 10% Lookalike,Lookalike Audience,All US,Desktop,Link Post,18-65,Not Tested,Traffic Driving Campaign
Ad Variation 404,97420,487.46 ,2993,0,Z_FBW1989,F,Full Price Purchasers - 10% Lookalike,Lookalike Audience,All US,Mobile,Multi-Product Ad,18-65,Not Tested,Traffic Driving Campaign
Ad Variation 405,10306,130.76 ,124,0,Z_FBW1985,F,Full Price Purchasers - 10% Lookalike,Lookalike Audience,All US,Desktop,Multi-Product Ad,18-65,Not Tested,Traffic Driving Campaign
Ad Variation 406,73628,482.18 ,2048,0,Z_FBW1981,F,Full Price Purchasers - 10% Lookalike,Lookalike Audience,All US,Mobile,Multi-Product Ad,18-65,Not Tested,Traffic Driving Campaign
Ad Variation 407,10789,127.30 ,60,0,Z_FBW1977,F,Full Price Purchasers - 10% Lookalike,Lookalike Audience,All US,Desktop,Multi-Product Ad,18-65,Not Tested,Traffic Driving Campaign
Ad Variation 408,91366,492.38 ,180,0,Z_FBW1973,F,Full Price Purchasers - 10% Lookalike,Lookalike Audience,All US,Mobile,Photo Post,18-65,Not Tested,Traffic Driving Campaign
Ad Variation 409,10886,129.00 ,32,0,Z_FBW1969,F,Full Price Purchasers - 10% Lookalike,Lookalike Audience,All US,Desktop,Photo Post,18-65,Not Tested,Traffic Driving Campaign
Ad Variation 410,96597,485.64 ,355,0,Z_FBW1965,F,Full Price Purchasers - 10% Lookalike,Lookalike Audience,All US,Mobile,Photo Post,18-65,Not Tested,Traffic Driving Campaign
Ad Variation 411,10718,129.81 ,35,0,Z_FBW1961,F,Full Price Purchasers - 10% Lookalike,Lookalike Audience,All US,Desktop,Photo Post,18-65,Not Tested,Traffic Driving Campaign
Ad Variation 412,54109,487.27 ,703,0,Z_FBW1957,F,Full Price Purchasers - 10% Lookalike,Lookalike Audience,All US,Mobile,Link Post,18-65,Not Tested,Traffic Driving Campaign
Ad Variation 413,8373,129.17 ,42,0,Z_FBW1953,F,Full Price Purchasers - 10% Lookalike,Lookalike Audience,All US,Desktop,Link Post,18-65,Not Tested,Traffic Driving Campaign
Ad Variation 414,62041,489.11 ,753,1,Z_FBW1949,F,Full Price Purchasers - 10% Lookalike,Lookalike Audience,All US,Mobile,Link Post,18-65,Not Tested,Traffic Driving Campaign
Ad Variation 415,11750,128.40 ,46,0,Z_FBW1945,F,Full Price Purchasers - 10% Lookalike,Lookalike Audience,All US,Desktop,Link Post,18-65,Not Tested,Traffic Driving Campaign
Ad Variation 416,68573,484.64 ,975,1,Z_FBW1941,F,Full Price Purchasers - 10% Lookalike,Lookalike Audience,All US,Mobile,Link Post,18-65,Not Tested,Traffic Driving Campaign
Ad Variation 417,11718,129.65 ,86,0,Z_FBW1937,F,Full Price Purchasers - 10% Lookalike,Lookalike Audience,All US,Desktop,Link Post,18-65,Not Tested,Traffic Driving Campaign
Ad Variation 500,92148,486.87 ,2906,3,Z_FBW1988,F,Loyalty Card Holders - 10% Lookalike,Lookalike Audience,All US,Mobile,Multi-Product Ad,18-65,Not Tested,Traffic Driving Campaign
Ad Variation 501,10406,130.44 ,83,0,Z_FBW1984,F,Loyalty Card Holders - 10% Lookalike,Lookalike Audience,All US,Desktop,Multi-Product Ad,18-65,Not Tested,Traffic Driving Campaign
Ad Variation 502,79330,487.96 ,2533,1,Z_FBW1980,F,Loyalty Card Holders - 10% Lookalike,Lookalike Audience,All US,Mobile,Multi-Product Ad,18-65,Not Tested,Traffic Driving Campaign
Ad Variation 503,10348,129.03 ,81,0,Z_FBW1976,F,Loyalty Card Holders - 10% Lookalike,Lookalike Audience,All US,Desktop,Multi-Product Ad,18-65,Not Tested,Traffic Driving Campaign
Ad Variation 504,95226,489.16 ,223,0,Z_FBW1972,F,Loyalty Card Holders - 10% Lookalike,Lookalike Audience,All US,Mobile,Photo Post,18-65,Not Tested,Traffic Driving Campaign
Ad Variation 505,11221,130.66 ,42,0,Z_FBW1968,F,Loyalty Card Holders - 10% Lookalike,Lookalike Audience,All US,Desktop,Photo Post,18-65,Not Tested,Traffic Driving Campaign
Ad Variation 506,80533,487.08 ,707,0,Z_FBW1964,F,Loyalty Card Holders - 10% Lookalike,Lookalike Audience,All US,Mobile,Photo Post,18-65,Not Tested,Traffic Driving Campaign
Ad Variation 507,10288,129.77 ,59,0,Z_FBW1960,F,Loyalty Card Holders - 10% Lookalike,Lookalike Audience,All US,Desktop,Photo Post,18-65,Not Tested,Traffic Driving Campaign
Ad Variation 508,58110,487.79 ,754,1,Z_FBW1956,F,Loyalty Card Holders - 10% Lookalike,Lookalike Audience,All US,Mobile,Link Post,18-65,Not Tested,Traffic Driving Campaign
Ad Variation 509,9341,131.10 ,37,0,Z_FBW1952,F,Loyalty Card Holders - 10% Lookalike,Lookalike Audience,All US,Desktop,Link Post,18-65,Not Tested,Traffic Driving Campaign
Ad Variation 510,67367,491.56 ,792,0,Z_FBW1948,F,Loyalty Card Holders - 10% Lookalike,Lookalike Audience,All US,Mobile,Link Post,18-65,Not Tested,Traffic Driving Campaign
Ad Variation 511,11173,129.69 ,68,2,Z_FBW1944,F,Loyalty Card Holders - 10% Lookalike,Lookalike Audience,All US,Desktop,Link Post,18-65,Not Tested,Traffic Driving Campaign
Ad Variation 512,66312,489.10 ,1009,0,Z_FBW1940,F,Loyalty Card Holders - 10% Lookalike,Lookalike Audience,All US,Mobile,Link Post,18-65,Not Tested,Traffic Driving Campaign
Ad Variation 513,12430,129.49 ,89,0,Z_FBW1936,F,Loyalty Card Holders - 10% Lookalike,Lookalike Audience,All US,Desktop,Link Post,18-65,Not Tested,Traffic Driving Campaign